yeast_gene,species,call,hit_id,evalue,pident,coverage,reciprocal_best_hit,tier,final_call
Mud1,Pseudocohnilembus_persalinus,absent,,,,,False,RBH,absent
Snp1,Pseudocohnilembus_persalinus,absent,,,,,False,RBH,absent
Yhc1,Pseudocohnilembus_persalinus,absent,,,,,False,RBH,absent
Prp39,Pseudocohnilembus_persalinus,absent,,,,,False,RBH,absent
Prp42,Pseudocohnilembus_persalinus,absent,,,,,False,RBH,absent
Nam8,Pseudocohnilembus_persalinus,absent,,,,,False,RBH,absent
Snu56,Pseudocohnilembus_persalinus,absent,,,,,False,RBH,absent
Luc7,Pseudocohnilembus_persalinus,absent,,,,,False,RBH,absent
Snu71,Pseudocohnilembus_persalinus,absent,,,,,False,RBH,absent
SmB,Pseudocohnilembus_persalinus,present,KRX07391.1,1.75e-11,41.8,0.464,True,RBH,present
SmD3,Pseudocohnilembus_persalinus,present,KRX04029.1,7e-24,45.7,0.802,True,RBH,present
SmD1,Pseudocohnilembus_persalinus,present,KRX04314.1,1.37e-17,39.3,0.836,True,RBH,present
SmD2,Pseudocohnilembus_persalinus,present,KRX00702.1,7.99e-25,52.8,0.809,True,RBH,present
SmE,Pseudocohnilembus_persalinus,absent,,,,,False,RBH,absent
SmF,Pseudocohnilembus_persalinus,present,KRW98267.1,1.01e-20,61.4,0.814,True,RBH,present
SmG,Pseudocohnilembus_persalinus,absent,,,,,False,RBH,absent
Msl1,Pseudocohnilembus_persalinus,absent,,,,,False,RBH,absent
Lea1,Pseudocohnilembus_persalinus,absent,,,,,False,RBH,absent
Hsh155,Pseudocohnilembus_persalinus,present,KRX10526.1,2.59e-257,52.1,0.85,True,RBH,present
Rse1,Pseudocohnilembus_persalinus,present,KRX02255.1,8.62e-58,23.1,0.915,True,RBH,present
Cus1,Pseudocohnilembus_persalinus,absent,,,,,False,RBH,absent
Hsh49,Pseudocohnilembus_persalinus,absent,,,,,False,RBH,absent
Rds3,Pseudocohnilembus_persalinus,present,KRX06383.1,3.03e-44,55.2,0.981,True,RBH,present
Ysf3,Pseudocohnilembus_persalinus,absent,,,,,False,RBH,absent
Prp9,Pseudocohnilembus_persalinus,absent,,,,,False,RBH,absent
Prp11,Pseudocohnilembus_persalinus,absent,,,,,False,RBH,absent
pRP21,Pseudocohnilembus_persalinus,absent,,,,,False,RBH,absent
LSm8,Pseudocohnilembus_persalinus,absent,,,,,False,RBH,absent
LSm2,Pseudocohnilembus_persalinus,absent,,,,,False,RBH,absent
LSm3,Pseudocohnilembus_persalinus,absent,,,,,False,RBH,absent
LSm4,Pseudocohnilembus_persalinus,absent,,,,,False,RBH,absent
LSm5,Pseudocohnilembus_persalinus,absent,,,,,False,RBH,absent
LSm6,Pseudocohnilembus_persalinus,absent,,,,,False,RBH,absent
LSm7,Pseudocohnilembus_persalinus,absent,,,,,False,RBH,absent
Prp8,Pseudocohnilembus_persalinus,present,KRX02196.1,0.0,60.9,0.945,True,RBH,present
Brr2,Pseudocohnilembus_persalinus,present,KRW98978.1,0.0,36.5,0.987,True,RBH,present
Snu114,Pseudocohnilembus_persalinus,weak_hit,KRX02179.1,9.3e-168,34.3,1.04,False,RBH,weak_hit
Dib1,Pseudocohnilembus_persalinus,absent,,,,,False,RBH,absent
Snu13,Pseudocohnilembus_persalinus,present,KRX06253.1,2.65e-42,56.0,0.921,True,RBH,present
Prp31,Pseudocohnilembus_persalinus,absent,,,,,False,RBH,absent
Prp3,Pseudocohnilembus_persalinus,absent,,,,,False,RBH,absent
Prp4,Pseudocohnilembus_persalinus,absent,,,,,False,RBH,absent
Snu17,Pseudocohnilembus_persalinus,present,KRW99380.1,2.64e-30,50.9,0.77,True,RBH,present
Bud13,Pseudocohnilembus_persalinus,absent,,,,,False,RBH,absent
Pml1,Pseudocohnilembus_persalinus,absent,,,,,False,RBH,absent
Prp38,Pseudocohnilembus_persalinus,absent,,,,,False,RBH,absent
Spp381,Pseudocohnilembus_persalinus,absent,,,,,False,RBH,absent
Clf1,Pseudocohnilembus_persalinus,absent,,,,,False,RBH,absent
Syf1,Pseudocohnilembus_persalinus,absent,,,,,False,RBH,absent
Cef1,Pseudocohnilembus_persalinus,present,KRX02772.1,1.83e-56,49.8,0.378,True,RBH,present
Prp19,Pseudocohnilembus_persalinus,absent,,,,,False,RBH,absent
Syf2,Pseudocohnilembus_persalinus,absent,,,,,False,RBH,absent
Snt309,Pseudocohnilembus_persalinus,absent,,,,,False,RBH,absent
Isy1,Pseudocohnilembus_persalinus,absent,,,,,False,RBH,absent
Bud31,Pseudocohnilembus_persalinus,present,KRX11110.1,2.65e-49,47.8,1.0,True,RBH,present
Cwc2,Pseudocohnilembus_persalinus,absent,,,,,False,RBH,absent
Cwc15,Pseudocohnilembus_persalinus,absent,,,,,False,RBH,absent
Ecm2,Pseudocohnilembus_persalinus,absent,,,,,False,RBH,absent
Prp45,Pseudocohnilembus_persalinus,absent,,,,,False,RBH,absent
Prp46,Pseudocohnilembus_persalinus,absent,,,,,False,RBH,absent
Cwc21,Pseudocohnilembus_persalinus,absent,,,,,False,RBH,absent
Cwc22,Pseudocohnilembus_persalinus,absent,,,,,False,RBH,absent
Cwc23,Pseudocohnilembus_persalinus,absent,,,,,False,RBH,absent
Cwc24,Pseudocohnilembus_persalinus,absent,,,,,False,RBH,absent
Cwc27,Pseudocohnilembus_persalinus,absent,,,,,False,RBH,absent
Prp2,Pseudocohnilembus_persalinus,weak_hit,KRX01873.1,3.86e-185,46.0,0.747,False,RBH,weak_hit
Spp2,Pseudocohnilembus_persalinus,absent,,,,,False,RBH,absent
Yju2,Pseudocohnilembus_persalinus,absent,,,,,False,RBH,absent
Prp17,Pseudocohnilembus_persalinus,absent,,,,,False,RBH,absent
Prp22,Pseudocohnilembus_persalinus,present,KRX02229.1,9.12e-277,46.1,0.844,True,RBH,present
Prp18,Pseudocohnilembus_persalinus,absent,,,,,False,RBH,absent
Slu7,Pseudocohnilembus_persalinus,absent,,,,,False,RBH,absent
Prp6,Pseudocohnilembus_persalinus,absent,,,,,False,RBH,absent
Snu66,Pseudocohnilembus_persalinus,absent,,,,,False,RBH,absent
Snu23,Pseudocohnilembus_persalinus,absent,,,,,False,RBH,absent
Prp43,Pseudocohnilembus_persalinus,present,KRX06739.1,6.23e-281,57.9,0.911,True,RBH,present
Ntr1,Pseudocohnilembus_persalinus,absent,,,,,False,RBH,absent
Ntr2,Pseudocohnilembus_persalinus,absent,,,,,False,RBH,absent
Prp5,Pseudocohnilembus_persalinus,weak_hit,KRX01164.1,5.75e-75,35.3,0.528,False,RBH,weak_hit
Sub2,Pseudocohnilembus_persalinus,weak_hit,KRX05373.1,8.87e-71,35.5,0.834,False,RBH,weak_hit
Prp28,Pseudocohnilembus_persalinus,weak_hit,KRX00508.1,1.38e-63,32.2,0.798,False,RBH,weak_hit
Prp40,Pseudocohnilembus_persalinus,absent,,,,,False,RBH,absent
Mud2,Pseudocohnilembus_persalinus,absent,,,,,False,RBH,absent
Msl5,Pseudocohnilembus_persalinus,absent,,,,,False,RBH,absent
Cus2,Pseudocohnilembus_persalinus,absent,,,,,False,RBH,absent
Srp1,Pseudocohnilembus_persalinus,absent,,,,,False,RBH,absent
Npl3,Pseudocohnilembus_persalinus,absent,,,,,False,RBH,absent
Gbp2,Pseudocohnilembus_persalinus,absent,,,,,False,RBH,absent
Hrb1,Pseudocohnilembus_persalinus,absent,,,,,False,RBH,absent
Hrp1,Pseudocohnilembus_persalinus,absent,,,,,False,RBH,absent
Sky1,Pseudocohnilembus_persalinus,present,KRX00942.1,2.71e-84,33.4,0.842,True,RBH,present
Cwc25,Pseudocohnilembus_persalinus,absent,,,,,False,RBH,absent
DBR1,Pseudocohnilembus_persalinus,present,KRX00252.1,1.49e-51,32.8,0.805,True,RBH,present
Mud1,Moneuplotes_crassus,absent,,,,,False,RBH,absent
Snp1,Moneuplotes_crassus,present,CAI2366722.1,8.75e-24,30.5,0.71,True,RBH,present
Yhc1,Moneuplotes_crassus,absent,,,,,False,RBH,absent
Prp39,Moneuplotes_crassus,absent,,,,,False,RBH,absent
Prp42,Moneuplotes_crassus,absent,,,,,False,RBH,absent
Nam8,Moneuplotes_crassus,absent,,,,,False,RBH,absent
Snu56,Moneuplotes_crassus,absent,,,,,False,RBH,absent
Luc7,Moneuplotes_crassus,absent,,,,,False,RBH,absent
Snu71,Moneuplotes_crassus,absent,,,,,False,RBH,absent
SmB,Moneuplotes_crassus,absent,,,,,False,RBH,absent
SmD3,Moneuplotes_crassus,absent,,,,,False,RBH,absent
SmD1,Moneuplotes_crassus,absent,,,,,False,RBH,absent
SmD2,Moneuplotes_crassus,present,CAI2384945.1,1.46e-28,58.1,0.782,True,RBH,present
SmE,Moneuplotes_crassus,present,CAI2385347.1,1.23e-21,44.6,0.883,True,RBH,present
SmF,Moneuplotes_crassus,absent,,,,,False,RBH,absent
SmG,Moneuplotes_crassus,absent,,,,,False,RBH,absent
Msl1,Moneuplotes_crassus,absent,,,,,False,RBH,absent
Lea1,Moneuplotes_crassus,absent,,,,,False,RBH,absent
Hsh155,Moneuplotes_crassus,present,CAI2369615.1,6.62e-257,48.6,0.889,True,RBH,present
Rse1,Moneuplotes_crassus,present,CAI2372489.1,8.66e-55,22.8,0.919,True,RBH,present
Cus1,Moneuplotes_crassus,absent,,,,,False,RBH,absent
Hsh49,Moneuplotes_crassus,absent,,,,,False,RBH,absent
Rds3,Moneuplotes_crassus,absent,,,,,False,RBH,absent
Ysf3,Moneuplotes_crassus,absent,,,,,False,RBH,absent
Prp9,Moneuplotes_crassus,absent,,,,,False,RBH,absent
Prp11,Moneuplotes_crassus,absent,,,,,False,RBH,absent
pRP21,Moneuplotes_crassus,absent,,,,,False,RBH,absent
LSm8,Moneuplotes_crassus,absent,,,,,False,RBH,absent
LSm2,Moneuplotes_crassus,absent,,,,,False,RBH,absent
LSm3,Moneuplotes_crassus,absent,,,,,False,RBH,absent
LSm4,Moneuplotes_crassus,absent,,,,,False,RBH,absent
LSm5,Moneuplotes_crassus,present,CAI2386173.1,5.15e-10,30.9,1.043,True,RBH,present
LSm6,Moneuplotes_crassus,absent,,,,,False,RBH,absent
LSm7,Moneuplotes_crassus,absent,,,,,False,RBH,absent
Prp8,Moneuplotes_crassus,present,CAI2374945.1,0.0,59.1,0.96,True,RBH,present
Brr2,Moneuplotes_crassus,present,CAI2380360.1,0.0,40.8,0.823,True,RBH,present
Snu114,Moneuplotes_crassus,weak_hit,CAI2379957.1,1.56e-143,33.2,1.031,False,RBH,weak_hit
Dib1,Moneuplotes_crassus,absent,,,,,False,RBH,absent
Snu13,Moneuplotes_crassus,present,CAI2360564.1,2.42e-40,53.7,0.96,True,RBH,present
Prp31,Moneuplotes_crassus,absent,,,,,False,RBH,absent
Prp3,Moneuplotes_crassus,present,CAI2367641.1,2.72e-24,29.9,0.684,True,RBH,present
Prp4,Moneuplotes_crassus,absent,,,,,False,RBH,absent
Snu17,Moneuplotes_crassus,present,CAI2378336.1,8.6e-32,55.0,0.676,True,RBH,present
Bud13,Moneuplotes_crassus,absent,,,,,False,RBH,absent
Pml1,Moneuplotes_crassus,absent,,,,,False,RBH,absent
Prp38,Moneuplotes_crassus,absent,,,,,False,RBH,absent
Spp381,Moneuplotes_crassus,absent,,,,,False,RBH,absent
Clf1,Moneuplotes_crassus,absent,,,,,False,RBH,absent
Syf1,Moneuplotes_crassus,absent,,,,,False,RBH,absent
Cef1,Moneuplotes_crassus,present,CAI2386982.1,1.42e-46,42.5,0.383,True,RBH,present
Prp19,Moneuplotes_crassus,absent,,,,,False,RBH,absent
Syf2,Moneuplotes_crassus,absent,,,,,False,RBH,absent
Snt309,Moneuplotes_crassus,absent,,,,,False,RBH,absent
Isy1,Moneuplotes_crassus,present,CAI2376746.1,9.97e-13,33.6,0.634,True,RBH,present
Bud31,Moneuplotes_crassus,present,CAI2383315.1,1.85e-48,47.8,1.0,True,RBH,present
Cwc2,Moneuplotes_crassus,absent,,,,,False,RBH,absent
Cwc15,Moneuplotes_crassus,absent,,,,,False,RBH,absent
Ecm2,Moneuplotes_crassus,absent,,,,,False,RBH,absent
Prp45,Moneuplotes_crassus,absent,,,,,False,RBH,absent
Prp46,Moneuplotes_crassus,present,CAI2364588.1,1.02e-38,61.6,0.727,True,RBH,present
Cwc21,Moneuplotes_crassus,absent,,,,,False,RBH,absent
Cwc22,Moneuplotes_crassus,absent,,,,,False,RBH,absent
Cwc23,Moneuplotes_crassus,absent,,,,,False,RBH,absent
Cwc24,Moneuplotes_crassus,absent,,,,,False,RBH,absent
Cwc27,Moneuplotes_crassus,absent,,,,,False,RBH,absent
Prp2,Moneuplotes_crassus,weak_hit,CAI2379392.1,2.67e-201,49.3,0.769,False,RBH,weak_hit
Spp2,Moneuplotes_crassus,absent,,,,,False,RBH,absent
Yju2,Moneuplotes_crassus,absent,,,,,False,RBH,absent
Prp17,Moneuplotes_crassus,absent,,,,,False,RBH,absent
Prp22,Moneuplotes_crassus,present,CAI2371503.1,2.67e-310,49.8,0.851,True,RBH,present
Prp18,Moneuplotes_crassus,absent,,,,,False,RBH,absent
Slu7,Moneuplotes_crassus,absent,,,,,False,RBH,absent
Prp6,Moneuplotes_crassus,absent,,,,,False,RBH,absent
Snu66,Moneuplotes_crassus,absent,,,,,False,RBH,absent
Snu23,Moneuplotes_crassus,absent,,,,,False,RBH,absent
Prp43,Moneuplotes_crassus,present,CAI2387351.1,3.16e-295,61.9,0.893,True,RBH,present
Ntr1,Moneuplotes_crassus,absent,,,,,False,RBH,absent
Ntr2,Moneuplotes_crassus,absent,,,,,False,RBH,absent
Prp5,Moneuplotes_crassus,weak_hit,CAI2375483.1,4.53e-96,38.3,0.557,False,RBH,weak_hit
Sub2,Moneuplotes_crassus,present,CAI2367713.1,2.35e-158,58.3,0.865,True,RBH,present
Prp28,Moneuplotes_crassus,present,CAI2360628.1,6.45e-55,32.4,0.682,True,RBH,present
Prp40,Moneuplotes_crassus,absent,,,,,False,RBH,absent
Mud2,Moneuplotes_crassus,absent,,,,,False,RBH,absent
Msl5,Moneuplotes_crassus,absent,,,,,False,RBH,absent
Cus2,Moneuplotes_crassus,absent,,,,,False,RBH,absent
Srp1,Moneuplotes_crassus,absent,,,,,False,RBH,absent
Npl3,Moneuplotes_crassus,absent,,,,,False,RBH,absent
Gbp2,Moneuplotes_crassus,absent,,,,,False,RBH,absent
Hrb1,Moneuplotes_crassus,absent,,,,,False,RBH,absent
Hrp1,Moneuplotes_crassus,present,CAI2359963.1,5.01e-11,36.6,0.154,True,RBH,present
Sky1,Moneuplotes_crassus,present,CAI2384280.1,3.94e-99,34.3,0.826,True,RBH,present
Cwc25,Moneuplotes_crassus,absent,,,,,False,RBH,absent
DBR1,Moneuplotes_crassus,absent,,,,,False,RBH,absent
Mud1,Tetrahymena_utriculariae,absent,,,,,False,RBH,absent
Snp1,Tetrahymena_utriculariae,absent,,,,,False,RBH,absent
Yhc1,Tetrahymena_utriculariae,absent,,,,,False,RBH,absent
Prp39,Tetrahymena_utriculariae,absent,,,,,False,RBH,absent
Prp42,Tetrahymena_utriculariae,absent,,,,,False,RBH,absent
Nam8,Tetrahymena_utriculariae,absent,,,,,False,RBH,absent
Snu56,Tetrahymena_utriculariae,absent,,,,,False,RBH,absent
Luc7,Tetrahymena_utriculariae,absent,,,,,False,RBH,absent
Snu71,Tetrahymena_utriculariae,absent,,,,,False,RBH,absent
SmB,Tetrahymena_utriculariae,present,EIA_13030.1|CM126838.1|+|270|1.631e-74|4|308851|309796|308851[308851]:308955[308955]:105[105]|309378[309381]:309485[309485]:108[105]|309581[309590]:309673[309673]:93[84]|309698[309698]:309796[309796]:99[99],3.57e-09,42.3,0.398,True,RBH,present
SmD3,Tetrahymena_utriculariae,absent,,,,,False,RBH,absent
SmD1,Tetrahymena_utriculariae,absent,,,,,False,RBH,absent
SmD2,Tetrahymena_utriculariae,present,EIA_24272.1|CM126864.1|-|148|8.673e-38|1|3804106|3804324|3804324[3804324]:3804106[3804106]:219[219],1.54e-23,62.5,0.655,True,RBH,present
SmE,Tetrahymena_utriculariae,present,EIA_16960.1|CM126836.1|+|155|6.776e-40|5|161519|162202|161519[161519]:161569[161569]:51[51]|161673[161673]:161732[161732]:60[60]|161788[161794]:161841[161841]:54[48]|161986[161986]:162048[162048]:63[63]|162149[162149]:162202[162202]:54[54],3.83e-16,40.2,0.979,True,RBH,present
SmF,Tetrahymena_utriculariae,present,EIA_18581.1|CM126909.1|+|139|4.441e-35|4|21089|21513|21089[21089]:21148[21148]:60[60]|21204[21228]:21245[21245]:42[18]|21345[21360]:21422[21422]:78[63]|21472[21475]:21513[21513]:42[39],2.83e-13,53.4,0.674,True,RBH,present
SmG,Tetrahymena_utriculariae,absent,,,,,False,RBH,absent
Msl1,Tetrahymena_utriculariae,absent,,,,,False,RBH,absent
Lea1,Tetrahymena_utriculariae,absent,,,,,False,RBH,absent
Hsh155,Tetrahymena_utriculariae,present,EIA_13540.1|CM126814.1|+|884|2.399e-259|14|60433|65135|60433[60433]:60540[60540]:108[108]|60607[60607]:60684[60684]:78[78]|60811[60811]:60927[60927]:117[117]|61370[61370]:61438[61438]:69[69]|61565[61565]:61651[61651]:87[87]|62334[62337]:62381[62381]:48[45]|62538[62538]:62627[62627]:90[90]|62664[62664]:63104[63104]:441[441]|63312[63312]:63479[63479]:168[168]|63513[63513]:63590[63590]:78[78]|63771[63771]:63866[63866]:96[96]|63951[63951]:64193[64193]:243[243]|64533[64533]:64853[64853]:321[321]|65040[65040]:65135[65135]:96[96],1.11e-118,33.0,0.809,True,RBH,present
Rse1,Tetrahymena_utriculariae,absent,,,,,False,RBH,absent
Cus1,Tetrahymena_utriculariae,absent,,,,,False,RBH,absent
Hsh49,Tetrahymena_utriculariae,absent,,,,,False,RBH,absent
Rds3,Tetrahymena_utriculariae,absent,,,,,False,RBH,absent
Ysf3,Tetrahymena_utriculariae,absent,,,,,False,RBH,absent
Prp9,Tetrahymena_utriculariae,absent,,,,,False,RBH,absent
Prp11,Tetrahymena_utriculariae,absent,,,,,False,RBH,absent
pRP21,Tetrahymena_utriculariae,absent,,,,,False,RBH,absent
LSm8,Tetrahymena_utriculariae,absent,,,,,False,RBH,absent
LSm2,Tetrahymena_utriculariae,absent,,,,,False,RBH,absent
LSm3,Tetrahymena_utriculariae,absent,,,,,False,RBH,absent
LSm4,Tetrahymena_utriculariae,absent,,,,,False,RBH,absent
LSm5,Tetrahymena_utriculariae,absent,,,,,False,RBH,absent
LSm6,Tetrahymena_utriculariae,absent,,,,,False,RBH,absent
LSm7,Tetrahymena_utriculariae,absent,,,,,False,RBH,absent
Prp8,Tetrahymena_utriculariae,present,EIA_06616.1|CM126984.1|-|2108|0|32|239760|247814|247814[247814]:247773[247773]:42[42]|247694[247694]:247611[247611]:84[84]|247410[247410]:247339[247339]:72[72]|246718[246718]:246509[246509]:210[210]|246418[246418]:246236[246236]:183[183]|246127[246127]:245951[245951]:177[177]|245899[245899]:245798[245798]:102[102]|245641[245641]:245444[245444]:198[198]|245335[245335]:245165[245165]:171[171]|244774[244774]:244562[244562]:213[213]|244486[244486]:244370[244370]:117[117]|244160[244160]:243975[243975]:186[186]|243875[243875]:243765[243765]:111[111]|243743[243743]:243453[243453]:291[291]|243395[243395]:243342[243342]:54[54]|243227[243227]:243099[243099]:129[129]|242861[242861]:242787[242787]:75[75]|242753[242753]:242694[242694]:60[60]|242675[242675]:242604[242604]:72[72]|242522[242522]:242448[242448]:75[75]|242306[242306]:242220[242220]:87[87]|242147[242147]:242091[242091]:57[57]|241928[241928]:241692[241692]:237[237]|241547[241547]:241371[241371]:177[177]|241239[241239]:241153[241153]:87[87]|241080[241080]:240949[240949]:132[132]|240930[240930]:240823[240823]:108[108]|240807[240807]:240748[240748]:60[60]|240699[240699]:240646[240646]:54[54]|240621[240621]:240418[240418]:204[204]|240119[240119]:240000[240000]:120[120]|239885[239885]:239760[239760]:126[126],0.0,38.0,0.846,True,RBH,present
Brr2,Tetrahymena_utriculariae,present,EIA_06968.1|CM126811.1|+|1908|0|42|22838|30636|22838[22838]:22993[22993]:156[156]|23077[23077]:23133[23133]:57[57]|23248[23248]:23316[23316]:69[69]|23440[23440]:23490[23490]:51[51]|23515[23515]:23586[23586]:72[72]|23769[23769]:23825[23825]:57[57]|23973[23973]:24020[24020]:48[48]|24111[24111]:24143[24143]:33[33]|24177[24177]:24224[24224]:48[48]|24306[24306]:24374[24374]:69[69]|24415[24427]:24468[24468]:54[42]|24499[24499]:24570[24570]:72[72]|24737[24737]:24949[24949]:213[213]|25066[25066]:25107[25107]:42[42]|25141[25141]:25254[25254]:114[114]|25371[25371]:25424[25424]:54[54]|25518[25518]:25586[25586]:69[69]|25620[25620]:25691[25691]:72[72]|25831[25831]:25926[25926]:96[96]|25942[25942]:26025[26025]:84[84]|26163[26163]:26231[26231]:69[69]|26553[26553]:26801[26801]:249[249]|26968[26968]:27069[27069]:102[102]|27112[27112]:27174[27174]:63[63]|27217[27217]:27378[27378]:162[162]|27538[27538]:27606[27606]:69[69]|27694[27694]:27756[27756]:63[63]|27919[27919]:28122[28122]:204[204]|28225[28225]:28359[28359]:135[135]|28396[28396]:28530[28530]:135[135]|28714[28714]:28767[28767]:54[54]|28843[28843]:28932[28932]:90[90]|29011[29011]:29064[29064]:54[54]|29170[29170]:29370[29370]:201[201]|29497[29497]:29553[29553]:57[57]|29653[29653]:29718[29718]:66[66]|29755[29755]:29823[29823]:69[69]|29875[29875]:29952[29952]:78[78]|30076[30076]:30168[30168]:93[93]|30268[30268]:30375[30375]:108[108]|30430[30430]:30507[30507]:78[78]|30532[30532]:30636[30636]:105[105],7.08e-62,37.9,0.197,True,RBH,present
Snu114,Tetrahymena_utriculariae,present,EIA_06561.1|CM126984.1|+|1200|0|14|61863|65919|61863[61863]:61925[61925]:63[63]|62038[62038]:62091[62091]:54[54]|62617[62617]:62703[62703]:87[87]|62881[62881]:63270[63270]:390[390]|63305[63326]:63376[63376]:72[51]|63419[63419]:63697[63697]:279[279]|63818[63818]:63904[63904]:87[87]|63980[63980]:64063[64063]:84[84]|64145[64145]:64213[64213]:69[69]|64250[64250]:64510[64510]:261[261]|64583[64586]:64774[64774]:192[189]|65279[65279]:65392[65392]:114[114]|65486[65486]:65752[65752]:267[267]|65842[65842]:65919[65919]:78[78],1.69e-77,31.2,0.653,True,RBH,present
Dib1,Tetrahymena_utriculariae,absent,,,,,False,RBH,absent
Snu13,Tetrahymena_utriculariae,present,EIA_14473.1|CM126885.1|+|235|5.605e-64|2|7685|8660|7685[7685]:7765[7765]:81[81]|8373[8373]:8660[8660]:288[288],1.3e-38,55.0,0.952,True,RBH,present
Prp31,Tetrahymena_utriculariae,absent,,,,,False,RBH,absent
Prp3,Tetrahymena_utriculariae,absent,,,,,False,RBH,absent
Prp4,Tetrahymena_utriculariae,absent,,,,,False,RBH,absent
Snu17,Tetrahymena_utriculariae,absent,,,,,False,RBH,absent
Bud13,Tetrahymena_utriculariae,absent,,,,,False,RBH,absent
Pml1,Tetrahymena_utriculariae,absent,,,,,False,RBH,absent
Prp38,Tetrahymena_utriculariae,absent,,,,,False,RBH,absent
Spp381,Tetrahymena_utriculariae,absent,,,,,False,RBH,absent
Clf1,Tetrahymena_utriculariae,absent,,,,,False,RBH,absent
Syf1,Tetrahymena_utriculariae,absent,,,,,False,RBH,absent
Cef1,Tetrahymena_utriculariae,absent,,,,,False,RBH,absent
Prp19,Tetrahymena_utriculariae,absent,,,,,False,RBH,absent
Syf2,Tetrahymena_utriculariae,absent,,,,,False,RBH,absent
Snt309,Tetrahymena_utriculariae,absent,,,,,False,RBH,absent
Isy1,Tetrahymena_utriculariae,absent,,,,,False,RBH,absent
Bud31,Tetrahymena_utriculariae,present,EIA_11039.1|CM126833.1|+|181|1.01e-47|1|160466|160717|160466[160466]:160717[160717]:252[252],1.95e-30,58.8,0.51,True,RBH,present
Cwc2,Tetrahymena_utriculariae,absent,,,,,False,RBH,absent
Cwc15,Tetrahymena_utriculariae,absent,,,,,False,RBH,absent
Ecm2,Tetrahymena_utriculariae,absent,,,,,False,RBH,absent
Prp45,Tetrahymena_utriculariae,absent,,,,,False,RBH,absent
Prp46,Tetrahymena_utriculariae,absent,,,,,False,RBH,absent
Cwc21,Tetrahymena_utriculariae,absent,,,,,False,RBH,absent
Cwc22,Tetrahymena_utriculariae,absent,,,,,False,RBH,absent
Cwc23,Tetrahymena_utriculariae,absent,,,,,False,RBH,absent
Cwc24,Tetrahymena_utriculariae,absent,,,,,False,RBH,absent
Cwc27,Tetrahymena_utriculariae,absent,,,,,False,RBH,absent
Prp2,Tetrahymena_utriculariae,weak_hit,EIA_02039.1|CM126945.1|-|799|9.282e-234|13|940459|942842|942842[942842]:942741[942741]:102[102]|942704[942704]:942492[942492]:213[213]|942395[942395]:942261[942261]:135[135]|942113[942113]:942072[942072]:42[42]|941980[941980]:941870[941870]:111[111]|941729[941729]:941598[941598]:132[132]|941465[941465]:941430[941430]:36[36]|941360[941360]:941310[941310]:51[51]|941262[941259]:941059[941059]:204[201]|941010[941010]:940873[940873]:138[138]|940809[940809]:940765[940765]:45[45]|940734[940734]:940630[940630]:105[105]|940587[940575]:940459[940459]:129[117],3.31e-50,37.5,0.36,False,RBH,weak_hit
Spp2,Tetrahymena_utriculariae,absent,,,,,False,RBH,absent
Yju2,Tetrahymena_utriculariae,absent,,,,,False,RBH,absent
Prp17,Tetrahymena_utriculariae,absent,,,,,False,RBH,absent
Prp22,Tetrahymena_utriculariae,weak_hit,EIA_22567.1|CM126962.1|+|881|1.92e-258|9|967|3684|967[967]:1071[1071]:105[105]|1147[1147]:1215[1215]:69[69]|1455[1455]:1529[1529]:75[75]|1597[1597]:1860[1860]:264[264]|1984[1984]:2043[2043]:60[60]|2357[2357]:2416[2416]:60[60]|2561[2561]:2914[2914]:354[354]|3139[3139]:3402[3402]:264[264]|3421[3421]:3684[3684]:264[264],4.32e-118,38.3,0.52,False,RBH,weak_hit
Prp18,Tetrahymena_utriculariae,absent,,,,,False,RBH,absent
Slu7,Tetrahymena_utriculariae,absent,,,,,False,RBH,absent
Prp6,Tetrahymena_utriculariae,absent,,,,,False,RBH,absent
Snu66,Tetrahymena_utriculariae,absent,,,,,False,RBH,absent
Snu23,Tetrahymena_utriculariae,absent,,,,,False,RBH,absent
Prp43,Tetrahymena_utriculariae,present,EIA_22567.1|CM126962.1|+|881|1.92e-258|9|967|3684|967[967]:1071[1071]:105[105]|1147[1147]:1215[1215]:69[69]|1455[1455]:1529[1529]:75[75]|1597[1597]:1860[1860]:264[264]|1984[1984]:2043[2043]:60[60]|2357[2357]:2416[2416]:60[60]|2561[2561]:2914[2914]:354[354]|3139[3139]:3402[3402]:264[264]|3421[3421]:3684[3684]:264[264],3.06e-171,44.9,0.887,True,RBH,present
Ntr1,Tetrahymena_utriculariae,absent,,,,,False,RBH,absent
Ntr2,Tetrahymena_utriculariae,absent,,,,,False,RBH,absent
Prp5,Tetrahymena_utriculariae,present,EIA_09626.2|CM126820.1|+|876|6.143e-257|20|288471|291932|288471[288471]:288515[288515]:45[45]|288549[288549]:288593[288593]:45[45]|288747[288747]:288788[288788]:42[42]|288848[288869]:288889[288889]:42[21]|288926[288926]:288976[288976]:51[51]|289070[289070]:289204[289204]:135[135]|289262[289262]:289345[289345]:84[84]|289394[289394]:289462[289462]:69[69]|289863[289863]:289949[289949]:87[87]|290094[290094]:290252[290252]:159[159]|290295[290295]:290393[290393]:99[99]|290418[290418]:290486[290486]:69[69]|290520[290520]:290588[290588]:69[69]|290659[290662]:290748[290748]:90[87]|290811[290817]:290954[290954]:144[138]|291123[291123]:291239[291239]:117[117]|291258[291258]:291329[291329]:72[72]|291468[291468]:291569[291569]:102[102]|291612[291612]:291746[291746]:135[135]|291837[291837]:291932[291932]:96[96],1.65e-41,30.4,0.457,True,RBH,present
Sub2,Tetrahymena_utriculariae,present,EIA_17009.1|CM126836.1|+|622|1.778e-180|7|2127|4547|2127[2127]:2183[2183]:57[57]|2318[2318]:2413[2413]:96[96]|3189[3189]:3590[3590]:402[402]|3707[3710]:3826[3826]:120[117]|4102[4114]:4161[4161]:60[48]|4225[4225]:4350[4350]:126[126]|4431[4431]:4547[4547]:117[117],3.1e-86,45.2,0.753,True,RBH,present
Prp28,Tetrahymena_utriculariae,weak_hit,EIA_09626.2|CM126820.1|+|876|6.143e-257|20|288471|291932|288471[288471]:288515[288515]:45[45]|288549[288549]:288593[288593]:45[45]|288747[288747]:288788[288788]:42[42]|288848[288869]:288889[288889]:42[21]|288926[288926]:288976[288976]:51[51]|289070[289070]:289204[289204]:135[135]|289262[289262]:289345[289345]:84[84]|289394[289394]:289462[289462]:69[69]|289863[289863]:289949[289949]:87[87]|290094[290094]:290252[290252]:159[159]|290295[290295]:290393[290393]:99[99]|290418[290418]:290486[290486]:69[69]|290520[290520]:290588[290588]:69[69]|290659[290662]:290748[290748]:90[87]|290811[290817]:290954[290954]:144[138]|291123[291123]:291239[291239]:117[117]|291258[291258]:291329[291329]:72[72]|291468[291468]:291569[291569]:102[102]|291612[291612]:291746[291746]:135[135]|291837[291837]:291932[291932]:96[96],3.56e-29,33.6,0.435,False,RBH,weak_hit
Prp40,Tetrahymena_utriculariae,absent,,,,,False,RBH,absent
Mud2,Tetrahymena_utriculariae,absent,,,,,False,RBH,absent
Msl5,Tetrahymena_utriculariae,absent,,,,,False,RBH,absent
Cus2,Tetrahymena_utriculariae,absent,,,,,False,RBH,absent
Srp1,Tetrahymena_utriculariae,present,EIA_22078.1|CM126894.1|-|461|5.198e-132|9|129857|132305|132305[132305]:132168[132168]:138[138]|132080[132080]:132021[132021]:60[60]|132002[132002]:131946[131946]:57[57]|131891[131891]:131805[131805]:87[87]|131569[131563]:131468[131468]:102[96]|130798[130789]:130631[130631]:168[159]|130393[130393]:130271[130271]:123[123]|130138[130138]:130001[130001]:138[138]|129928[129928]:129857[129857]:72[72],2.24e-10,32.3,0.303,True,RBH,present
Npl3,Tetrahymena_utriculariae,absent,,,,,False,RBH,absent
Gbp2,Tetrahymena_utriculariae,absent,,,,,False,RBH,absent
Hrb1,Tetrahymena_utriculariae,absent,,,,,False,RBH,absent
Hrp1,Tetrahymena_utriculariae,absent,,,,,False,RBH,absent
Sky1,Tetrahymena_utriculariae,present,EIA_06301.1|CM126812.1|-|541|4.299e-156|13|736580|739828|739828[739828]:739763[739763]:66[66]|739605[739605]:739543[739543]:63[63]|739482[739482]:739417[739417]:66[66]|739318[739318]:739118[739118]:201[201]|738666[738666]:738523[738523]:144[144]|738323[738323]:738261[738261]:63[63]|737696[737696]:737643[737643]:54[54]|737559[737559]:737488[737488]:72[72]|737410[737410]:737270[737270]:141[141]|737214[737214]:737146[737146]:69[69]|736948[736948]:736868[736868]:81[81]|736786[736786]:736691[736691]:96[96]|736654[736654]:736580[736580]:75[75],4.6e-20,48.1,0.106,True,RBH,present
Cwc25,Tetrahymena_utriculariae,absent,,,,,False,RBH,absent
DBR1,Tetrahymena_utriculariae,present,EIA_02360.1|CM126981.1|+|552|2.099e-159|9|483635|485162|483635[483635]:483793[483793]:159[159]|483842[483848]:483922[483922]:81[75]|483986[483986]:484039[484039]:54[54]|484091[484091]:484249[484249]:159[159]|484306[484306]:484467[484467]:162[162]|484513[484513]:484575[484575]:63[63]|484767[484767]:484832[484832]:66[66]|484888[484888]:484995[484995]:108[108]|485073[485073]:485162[485162]:90[90],1.33e-36,31.3,0.765,True,RBH,present
Mud1,Tetrahymena_malaccensis,absent,,,,,False,RBH,absent
Snp1,Tetrahymena_malaccensis,present,EIA_09565.1,6.08e-07,33.3,0.25,True,RBH,present
Yhc1,Tetrahymena_malaccensis,absent,,,,,False,RBH,absent
Prp39,Tetrahymena_malaccensis,absent,,,,,False,RBH,absent
Prp42,Tetrahymena_malaccensis,absent,,,,,False,RBH,absent
Nam8,Tetrahymena_malaccensis,absent,,,,,False,RBH,absent
Snu56,Tetrahymena_malaccensis,absent,,,,,False,RBH,absent
Luc7,Tetrahymena_malaccensis,absent,,,,,False,RBH,absent
Snu71,Tetrahymena_malaccensis,absent,,,,,False,RBH,absent
SmB,Tetrahymena_malaccensis,present,EIA_13030.1,5.39e-14,41.8,0.5,True,RBH,present
SmD3,Tetrahymena_malaccensis,present,EIA_18055.1,3.89e-25,48.8,0.812,True,RBH,present
SmD1,Tetrahymena_malaccensis,present,EIA_23904.1,1.22e-16,40.5,0.76,True,RBH,present
SmD2,Tetrahymena_malaccensis,present,EIA_24272.1,1.62e-27,57.8,0.818,True,RBH,present
SmE,Tetrahymena_malaccensis,present,EIA_16960.1,3.52e-23,45.7,0.979,True,RBH,present
SmF,Tetrahymena_malaccensis,present,EIA_18581.1,4.26e-24,60.8,0.86,True,RBH,present
SmG,Tetrahymena_malaccensis,absent,,,,,False,RBH,absent
Msl1,Tetrahymena_malaccensis,absent,,,,,False,RBH,absent
Lea1,Tetrahymena_malaccensis,absent,,,,,False,RBH,absent
Hsh155,Tetrahymena_malaccensis,present,EIA_13540.1,4.11e-249,48.8,0.885,True,RBH,present
Rse1,Tetrahymena_malaccensis,present,EIA_13606.1,1.86e-61,22.8,1.022,True,RBH,present
Cus1,Tetrahymena_malaccensis,absent,,,,,False,RBH,absent
Hsh49,Tetrahymena_malaccensis,absent,,,,,False,RBH,absent
Rds3,Tetrahymena_malaccensis,absent,,,,,False,RBH,absent
Ysf3,Tetrahymena_malaccensis,absent,,,,,False,RBH,absent
Prp9,Tetrahymena_malaccensis,present,EIA_16594.1,6.24e-38,28.7,0.77,True,RBH,present
Prp11,Tetrahymena_malaccensis,absent,,,,,False,RBH,absent
pRP21,Tetrahymena_malaccensis,absent,,,,,False,RBH,absent
LSm8,Tetrahymena_malaccensis,absent,,,,,False,RBH,absent
LSm2,Tetrahymena_malaccensis,absent,,,,,False,RBH,absent
LSm3,Tetrahymena_malaccensis,absent,,,,,False,RBH,absent
LSm4,Tetrahymena_malaccensis,absent,,,,,False,RBH,absent
LSm5,Tetrahymena_malaccensis,absent,,,,,False,RBH,absent
LSm6,Tetrahymena_malaccensis,absent,,,,,False,RBH,absent
LSm7,Tetrahymena_malaccensis,absent,,,,,False,RBH,absent
Prp8,Tetrahymena_malaccensis,present,EIA_06616.1,0.0,61.1,0.953,True,RBH,present
Brr2,Tetrahymena_malaccensis,present,EIA_06968.1,0.0,35.3,0.912,True,RBH,present
Snu114,Tetrahymena_malaccensis,present,EIA_06561.1,7.18e-159,34.6,1.023,True,RBH,present
Dib1,Tetrahymena_malaccensis,present,EIA_14302.1,9.93e-62,61.6,0.965,True,RBH,present
Snu13,Tetrahymena_malaccensis,present,EIA_19481.1,2.29e-43,53.3,0.952,True,RBH,present
Prp31,Tetrahymena_malaccensis,absent,,,,,False,RBH,absent
Prp3,Tetrahymena_malaccensis,absent,,,,,False,RBH,absent
Prp4,Tetrahymena_malaccensis,absent,,,,,False,RBH,absent
Snu17,Tetrahymena_malaccensis,present,EIA_09140.1,1.59e-15,41.1,0.757,True,RBH,present
Bud13,Tetrahymena_malaccensis,absent,,,,,False,RBH,absent
Pml1,Tetrahymena_malaccensis,absent,,,,,False,RBH,absent
Prp38,Tetrahymena_malaccensis,absent,,,,,False,RBH,absent
Spp381,Tetrahymena_malaccensis,absent,,,,,False,RBH,absent
Clf1,Tetrahymena_malaccensis,absent,,,,,False,RBH,absent
Syf1,Tetrahymena_malaccensis,absent,,,,,False,RBH,absent
Cef1,Tetrahymena_malaccensis,present,EIA_21263.1,3.54e-53,49.8,0.375,True,RBH,present
Prp19,Tetrahymena_malaccensis,absent,,,,,False,RBH,absent
Syf2,Tetrahymena_malaccensis,absent,,,,,False,RBH,absent
Snt309,Tetrahymena_malaccensis,absent,,,,,False,RBH,absent
Isy1,Tetrahymena_malaccensis,absent,,,,,False,RBH,absent
Bud31,Tetrahymena_malaccensis,present,EIA_11039.1,4.88e-46,48.8,1.019,True,RBH,present
Cwc2,Tetrahymena_malaccensis,absent,,,,,False,RBH,absent
Cwc15,Tetrahymena_malaccensis,absent,,,,,False,RBH,absent
Ecm2,Tetrahymena_malaccensis,absent,,,,,False,RBH,absent
Prp45,Tetrahymena_malaccensis,absent,,,,,False,RBH,absent
Prp46,Tetrahymena_malaccensis,absent,,,,,False,RBH,absent
Cwc21,Tetrahymena_malaccensis,absent,,,,,False,RBH,absent
Cwc22,Tetrahymena_malaccensis,absent,,,,,False,RBH,absent
Cwc23,Tetrahymena_malaccensis,absent,,,,,False,RBH,absent
Cwc24,Tetrahymena_malaccensis,absent,,,,,False,RBH,absent
Cwc27,Tetrahymena_malaccensis,absent,,,,,False,RBH,absent
Prp2,Tetrahymena_malaccensis,weak_hit,EIA_12409.1,1.28e-195,47.4,0.759,False,RBH,weak_hit
Spp2,Tetrahymena_malaccensis,absent,,,,,False,RBH,absent
Yju2,Tetrahymena_malaccensis,absent,,,,,False,RBH,absent
Prp17,Tetrahymena_malaccensis,absent,,,,,False,RBH,absent
Prp22,Tetrahymena_malaccensis,present,EIA_10675.1,6.95e-281,46.9,0.873,True,RBH,present
Prp18,Tetrahymena_malaccensis,absent,,,,,False,RBH,absent
Slu7,Tetrahymena_malaccensis,absent,,,,,False,RBH,absent
Prp6,Tetrahymena_malaccensis,absent,,,,,False,RBH,absent
Snu66,Tetrahymena_malaccensis,absent,,,,,False,RBH,absent
Snu23,Tetrahymena_malaccensis,absent,,,,,False,RBH,absent
Prp43,Tetrahymena_malaccensis,present,EIA_22567.1,1.89e-283,58.0,0.928,True,RBH,present
Ntr1,Tetrahymena_malaccensis,absent,,,,,False,RBH,absent
Ntr2,Tetrahymena_malaccensis,absent,,,,,False,RBH,absent
Prp5,Tetrahymena_malaccensis,present,EIA_09626.2,9.11e-106,40.1,0.641,True,RBH,present
Sub2,Tetrahymena_malaccensis,present,EIA_17009.1,1.96e-124,51.7,0.85,True,RBH,present
Prp28,Tetrahymena_malaccensis,present,EIA_16659.1,5.93e-88,37.8,0.818,True,RBH,present
Prp40,Tetrahymena_malaccensis,absent,,,,,False,RBH,absent
Mud2,Tetrahymena_malaccensis,absent,,,,,False,RBH,absent
Msl5,Tetrahymena_malaccensis,present,EIA_10697.1,1.29e-33,34.6,0.511,True,RBH,present
Cus2,Tetrahymena_malaccensis,absent,,,,,False,RBH,absent
Srp1,Tetrahymena_malaccensis,present,EIA_22078.1,1.95e-20,33.1,0.334,True,RBH,present
Npl3,Tetrahymena_malaccensis,absent,,,,,False,RBH,absent
Gbp2,Tetrahymena_malaccensis,absent,,,,,False,RBH,absent
Hrb1,Tetrahymena_malaccensis,absent,,,,,False,RBH,absent
Hrp1,Tetrahymena_malaccensis,absent,,,,,False,RBH,absent
Sky1,Tetrahymena_malaccensis,present,EIA_10756.1,6.72e-91,31.7,0.825,True,RBH,present
Cwc25,Tetrahymena_malaccensis,absent,,,,,False,RBH,absent
DBR1,Tetrahymena_malaccensis,present,EIA_02360.1,9.44e-58,36.9,0.79,True,RBH,present
Mud1,Tetrahymena_thermophila,absent,,,,,False,RBH,absent
Snp1,Tetrahymena_thermophila,present,TTHERM_00421020|RRM20,7.06e-07,33.3,0.25,True,RBH,present
Yhc1,Tetrahymena_thermophila,absent,,,,,False,RBH,absent
Prp39,Tetrahymena_thermophila,absent,,,,,False,RBH,absent
Prp42,Tetrahymena_thermophila,absent,,,,,False,RBH,absent
Nam8,Tetrahymena_thermophila,absent,,,,,False,RBH,absent
Snu56,Tetrahymena_thermophila,absent,,,,,False,RBH,absent
Luc7,Tetrahymena_thermophila,absent,,,,,False,RBH,absent
Snu71,Tetrahymena_thermophila,absent,,,,,False,RBH,absent
SmB,Tetrahymena_thermophila,absent,,,,,False,RBH,absent
SmD3,Tetrahymena_thermophila,present,TTHERM_00688595|Like-Sm,1.31e-25,48.8,0.812,True,RBH,present
SmD1,Tetrahymena_thermophila,present,TTHERM_01289080|Like-Sm,1.42e-16,40.5,0.76,True,RBH,present
SmD2,Tetrahymena_thermophila,present,TTHERM_01403810|Small,1.88e-27,57.8,0.818,True,RBH,present
SmE,Tetrahymena_thermophila,present,TTHERM_00467959|Small,3.17e-24,46.7,0.979,True,RBH,present
SmF,Tetrahymena_thermophila,present,TTHERM_00549645|Sm-like,4.94e-24,60.8,0.86,True,RBH,present
SmG,Tetrahymena_thermophila,absent,,,,,False,RBH,absent
Msl1,Tetrahymena_thermophila,absent,,,,,False,RBH,absent
Lea1,Tetrahymena_thermophila,absent,,,,,False,RBH,absent
Hsh155,Tetrahymena_thermophila,present,TTHERM_00529660|PRP10,1.34e-248,48.5,0.885,True,RBH,present
Rse1,Tetrahymena_thermophila,present,TTHERM_00530350|PRP12,1.94e-21,24.1,0.298,True,RBH,present
Cus1,Tetrahymena_thermophila,absent,,,,,False,RBH,absent
Hsh49,Tetrahymena_thermophila,absent,,,,,False,RBH,absent
Rds3,Tetrahymena_thermophila,absent,,,,,False,RBH,absent
Ysf3,Tetrahymena_thermophila,absent,,,,,False,RBH,absent
Prp9,Tetrahymena_thermophila,present,TTHERM_00649280|PRP9,1.85e-37,28.4,0.798,True,RBH,present
Prp11,Tetrahymena_thermophila,absent,,,,,False,RBH,absent
pRP21,Tetrahymena_thermophila,absent,,,,,False,RBH,absent
LSm8,Tetrahymena_thermophila,absent,,,,,False,RBH,absent
LSm2,Tetrahymena_thermophila,absent,,,,,False,RBH,absent
LSm3,Tetrahymena_thermophila,absent,,,,,False,RBH,absent
LSm4,Tetrahymena_thermophila,present,TTHERM_00024330|Like-Sm,6.79e-09,30.4,0.492,True,RBH,present
LSm5,Tetrahymena_thermophila,absent,,,,,False,RBH,absent
LSm6,Tetrahymena_thermophila,absent,,,,,False,RBH,absent
LSm7,Tetrahymena_thermophila,absent,,,,,False,RBH,absent
Prp8,Tetrahymena_thermophila,present,TTHERM_00079300|PRP8,0.0,61.3,0.954,True,RBH,present
Brr2,Tetrahymena_thermophila,present,TTHERM_00302060|DRH34,0.0,35.5,0.912,True,RBH,present
Snu114,Tetrahymena_thermophila,present,TTHERM_00079910|Elongation,1.64e-158,34.4,1.024,True,RBH,present
Dib1,Tetrahymena_thermophila,present,TTHERM_00794280|DIM1,1.15e-61,61.6,0.965,True,RBH,present
Snu13,Tetrahymena_thermophila,present,TTHERM_00325650|Eukaryotic,2.66e-43,53.3,0.952,True,RBH,present
Prp31,Tetrahymena_thermophila,absent,,,,,False,RBH,absent
Prp3,Tetrahymena_thermophila,absent,,,,,False,RBH,absent
Prp4,Tetrahymena_thermophila,absent,,,,,False,RBH,absent
Snu17,Tetrahymena_thermophila,present,TTHERM_00353441|hypothetical,2.26e-34,53.6,0.757,True,RBH,present
Bud13,Tetrahymena_thermophila,absent,,,,,False,RBH,absent
Pml1,Tetrahymena_thermophila,absent,,,,,False,RBH,absent
Prp38,Tetrahymena_thermophila,absent,,,,,False,RBH,absent
Spp381,Tetrahymena_thermophila,absent,,,,,False,RBH,absent
Clf1,Tetrahymena_thermophila,absent,,,,,False,RBH,absent
Syf1,Tetrahymena_thermophila,absent,,,,,False,RBH,absent
Cef1,Tetrahymena_thermophila,present,TTHERM_01073470|Pre-mRNA,3.07e-54,50.2,0.375,True,RBH,present
Prp19,Tetrahymena_thermophila,present,TTHERM_00161050|PRP19,1.68e-19,36.9,0.258,True,RBH,present
Syf2,Tetrahymena_thermophila,absent,,,,,False,RBH,absent
Snt309,Tetrahymena_thermophila,absent,,,,,False,RBH,absent
Isy1,Tetrahymena_thermophila,absent,,,,,False,RBH,absent
Bud31,Tetrahymena_thermophila,present,TTHERM_00632821|Pre-mRNA-splicing,2.29e-45,47.5,1.019,True,RBH,present
Cwc2,Tetrahymena_thermophila,absent,,,,,False,RBH,absent
Cwc15,Tetrahymena_thermophila,absent,,,,,False,RBH,absent
Ecm2,Tetrahymena_thermophila,absent,,,,,False,RBH,absent
Prp45,Tetrahymena_thermophila,absent,,,,,False,RBH,absent
Prp46,Tetrahymena_thermophila,absent,,,,,False,RBH,absent
Cwc21,Tetrahymena_thermophila,absent,,,,,False,RBH,absent
Cwc22,Tetrahymena_thermophila,absent,,,,,False,RBH,absent
Cwc23,Tetrahymena_thermophila,absent,,,,,False,RBH,absent
Cwc24,Tetrahymena_thermophila,absent,,,,,False,RBH,absent
Cwc27,Tetrahymena_thermophila,absent,,,,,False,RBH,absent
Prp2,Tetrahymena_thermophila,weak_hit,TTHERM_00441760|DRH21,5.17e-196,47.7,0.755,False,RBH,weak_hit
Spp2,Tetrahymena_thermophila,absent,,,,,False,RBH,absent
Yju2,Tetrahymena_thermophila,absent,,,,,False,RBH,absent
Prp17,Tetrahymena_thermophila,absent,,,,,False,RBH,absent
Prp22,Tetrahymena_thermophila,present,TTHERM_00444310|DRH20,1.45e-280,47.1,0.854,True,RBH,present
Prp18,Tetrahymena_thermophila,absent,,,,,False,RBH,absent
Slu7,Tetrahymena_thermophila,absent,,,,,False,RBH,absent
Prp6,Tetrahymena_thermophila,absent,,,,,False,RBH,absent
Snu66,Tetrahymena_thermophila,absent,,,,,False,RBH,absent
Snu23,Tetrahymena_thermophila,absent,,,,,False,RBH,absent
Prp43,Tetrahymena_thermophila,present,TTHERM_01044780|DRH24,5.43e-284,57.8,0.924,True,RBH,present
Ntr1,Tetrahymena_thermophila,absent,,,,,False,RBH,absent
Ntr2,Tetrahymena_thermophila,absent,,,,,False,RBH,absent
Prp5,Tetrahymena_thermophila,weak_hit,TTHERM_00295100|DRH4,9.89e-77,37.0,0.529,False,RBH,weak_hit
Sub2,Tetrahymena_thermophila,present,TTHERM_00469380|DRH14,8e-125,51.4,0.859,True,RBH,present
Prp28,Tetrahymena_thermophila,present,TTHERM_00991620|DRH5,2.51e-87,39.4,0.752,True,RBH,present
Prp40,Tetrahymena_thermophila,absent,,,,,False,RBH,absent
Mud2,Tetrahymena_thermophila,absent,,,,,False,RBH,absent
Msl5,Tetrahymena_thermophila,present,TTHERM_00444570|KHD3,3.37e-31,33.9,0.477,True,RBH,present
Cus2,Tetrahymena_thermophila,absent,,,,,False,RBH,absent
Srp1,Tetrahymena_thermophila,present,TTHERM_01016220|IMA1,4.05e-21,33.7,0.334,True,RBH,present
Npl3,Tetrahymena_thermophila,absent,,,,,False,RBH,absent
Gbp2,Tetrahymena_thermophila,absent,,,,,False,RBH,absent
Hrb1,Tetrahymena_thermophila,absent,,,,,False,RBH,absent
Hrp1,Tetrahymena_thermophila,absent,,,,,False,RBH,absent
Sky1,Tetrahymena_thermophila,present,TTHERM_00446150|Serine/Arginine-Rich,3.83e-85,34.5,0.825,True,RBH,present
Cwc25,Tetrahymena_thermophila,absent,,,,,False,RBH,absent
DBR1,Tetrahymena_thermophila,present,TTHERM_00066950|Calcineurin-like,7.53e-58,34.6,0.891,True,RBH,present
Mud1,Oxytricha_trifallax,absent,,,,,False,RBH,absent
Snp1,Oxytricha_trifallax,absent,,,,,False,RBH,absent
Yhc1,Oxytricha_trifallax,absent,,,,,False,RBH,absent
Prp39,Oxytricha_trifallax,absent,,,,,False,RBH,absent
Prp42,Oxytricha_trifallax,absent,,,,,False,RBH,absent
Nam8,Oxytricha_trifallax,absent,,,,,False,RBH,absent
Snu56,Oxytricha_trifallax,absent,,,,,False,RBH,absent
Luc7,Oxytricha_trifallax,absent,,,,,False,RBH,absent
Snu71,Oxytricha_trifallax,absent,,,,,False,RBH,absent
SmB,Oxytricha_trifallax,present,g14979\tSmall,1.28e-11,38.5,0.49,True,RBH,present
SmD3,Oxytricha_trifallax,present,g7898\tSmall,3.74e-31,53.7,0.812,True,RBH,present
SmD1,Oxytricha_trifallax,absent,,,,,False,RBH,absent
SmD2,Oxytricha_trifallax,present,g32648\tRibonucleoprotein,1.04e-29,57.3,0.809,True,RBH,present
SmE,Oxytricha_trifallax,absent,,,,,False,RBH,absent
SmF,Oxytricha_trifallax,absent,,,,,False,RBH,absent
SmG,Oxytricha_trifallax,present,g40510\tSmall,1.03e-16,48.6,0.935,True,RBH,present
Msl1,Oxytricha_trifallax,absent,,,,,False,RBH,absent
Lea1,Oxytricha_trifallax,absent,,,,,False,RBH,absent
Hsh155,Oxytricha_trifallax,present,g1246\tU2,1.44e-265,52.4,0.844,True,RBH,present
Rse1,Oxytricha_trifallax,absent,,,,,False,RBH,absent
Cus1,Oxytricha_trifallax,absent,,,,,False,RBH,absent
Hsh49,Oxytricha_trifallax,absent,,,,,False,RBH,absent
Rds3,Oxytricha_trifallax,present,g26562\tPHD,7.69e-42,56.2,0.981,True,RBH,present
Ysf3,Oxytricha_trifallax,absent,,,,,False,RBH,absent
Prp9,Oxytricha_trifallax,absent,,,,,False,RBH,absent
Prp11,Oxytricha_trifallax,absent,,,,,False,RBH,absent
pRP21,Oxytricha_trifallax,absent,,,,,False,RBH,absent
LSm8,Oxytricha_trifallax,absent,,,,,False,RBH,absent
LSm2,Oxytricha_trifallax,absent,,,,,False,RBH,absent
LSm3,Oxytricha_trifallax,absent,,,,,False,RBH,absent
LSm4,Oxytricha_trifallax,absent,,,,,False,RBH,absent
LSm5,Oxytricha_trifallax,absent,,,,,False,RBH,absent
LSm6,Oxytricha_trifallax,absent,,,,,False,RBH,absent
LSm7,Oxytricha_trifallax,weak_hit,g40510\tSmall,1.86e-08,40.3,0.626,False,RBH,weak_hit
Prp8,Oxytricha_trifallax,present,g22650\tPre-mrna-processing-splicing,0.0,61.1,0.958,True,RBH,present
Brr2,Oxytricha_trifallax,present,g6866\tRNA-dependent,0.0,37.5,0.905,True,RBH,present
Snu114,Oxytricha_trifallax,weak_hit,g3292\tTranslation,1.23e-155,33.3,1.074,False,RBH,weak_hit
Dib1,Oxytricha_trifallax,present,g39539\tThioredoxin-like,2.03e-56,62.3,0.965,True,RBH,present
Snu13,Oxytricha_trifallax,present,g16313\tH/ACA,1.49e-44,58.3,0.952,True,RBH,present
Prp31,Oxytricha_trifallax,present,g35829\tU4,3.26e-33,29.0,0.656,True,RBH,present
Prp3,Oxytricha_trifallax,present,g10762\tU4/U6,1.51e-25,29.1,0.733,True,RBH,present
Prp4,Oxytricha_trifallax,absent,,,,,False,RBH,absent
Snu17,Oxytricha_trifallax,present,g10945\tRNA-binding,2.29e-33,55.8,0.703,True,RBH,present
Bud13,Oxytricha_trifallax,absent,,,,,False,RBH,absent
Pml1,Oxytricha_trifallax,absent,,,,,False,RBH,absent
Prp38,Oxytricha_trifallax,absent,,,,,False,RBH,absent
Spp381,Oxytricha_trifallax,absent,,,,,False,RBH,absent
Clf1,Oxytricha_trifallax,absent,,,,,False,RBH,absent
Syf1,Oxytricha_trifallax,absent,,,,,False,RBH,absent
Cef1,Oxytricha_trifallax,present,g28485\tMYB,8.96e-53,48.3,0.393,True,RBH,present
Prp19,Oxytricha_trifallax,absent,,,,,False,RBH,absent
Syf2,Oxytricha_trifallax,absent,,,,,False,RBH,absent
Snt309,Oxytricha_trifallax,absent,,,,,False,RBH,absent
Isy1,Oxytricha_trifallax,absent,,,,,False,RBH,absent
Bud31,Oxytricha_trifallax,present,g42150\tBud,3.95e-53,51.0,1.0,True,RBH,present
Cwc2,Oxytricha_trifallax,absent,,,,,False,RBH,absent
Cwc15,Oxytricha_trifallax,absent,,,,,False,RBH,absent
Ecm2,Oxytricha_trifallax,absent,,,,,False,RBH,absent
Prp45,Oxytricha_trifallax,absent,,,,,False,RBH,absent
Prp46,Oxytricha_trifallax,absent,,,,,False,RBH,absent
Cwc21,Oxytricha_trifallax,absent,,,,,False,RBH,absent
Cwc22,Oxytricha_trifallax,present,g12546\tPre-mRNA-splicing,1.81e-57,28.9,0.865,True,RBH,present
Cwc23,Oxytricha_trifallax,absent,,,,,False,RBH,absent
Cwc24,Oxytricha_trifallax,absent,,,,,False,RBH,absent
Cwc27,Oxytricha_trifallax,absent,,,,,False,RBH,absent
Prp2,Oxytricha_trifallax,weak_hit,g48029\tPre-mRNA-splicing,7.21e-209,50.1,0.774,False,RBH,weak_hit
Spp2,Oxytricha_trifallax,absent,,,,,False,RBH,absent
Yju2,Oxytricha_trifallax,absent,,,,,False,RBH,absent
Prp17,Oxytricha_trifallax,absent,,,,,False,RBH,absent
Prp22,Oxytricha_trifallax,present,g29026\tPre-mRNA-splicing,4.39e-287,47.4,0.886,True,RBH,present
Prp18,Oxytricha_trifallax,absent,,,,,False,RBH,absent
Slu7,Oxytricha_trifallax,absent,,,,,False,RBH,absent
Prp6,Oxytricha_trifallax,absent,,,,,False,RBH,absent
Snu66,Oxytricha_trifallax,absent,,,,,False,RBH,absent
Snu23,Oxytricha_trifallax,absent,,,,,False,RBH,absent
Prp43,Oxytricha_trifallax,present,g36323\tPre-mRNA,3.5e-286,59.5,0.904,True,RBH,present
Ntr1,Oxytricha_trifallax,absent,,,,,False,RBH,absent
Ntr2,Oxytricha_trifallax,absent,,,,,False,RBH,absent
Prp5,Oxytricha_trifallax,present,g4942\tPre-mRNA-processing,4.97e-103,33.5,0.837,True,RBH,present
Sub2,Oxytricha_trifallax,present,g8813\tP-loop,2.31e-174,61.3,0.899,True,RBH,present
Prp28,Oxytricha_trifallax,weak_hit,g39606\tDEAD-box,3.06e-60,34.5,0.699,False,RBH,weak_hit
Prp40,Oxytricha_trifallax,absent,,,,,False,RBH,absent
Mud2,Oxytricha_trifallax,absent,,,,,False,RBH,absent
Msl5,Oxytricha_trifallax,absent,,,,,False,RBH,absent
Cus2,Oxytricha_trifallax,absent,,,,,False,RBH,absent
Srp1,Oxytricha_trifallax,absent,,,,,False,RBH,absent
Npl3,Oxytricha_trifallax,absent,,,,,False,RBH,absent
Gbp2,Oxytricha_trifallax,absent,,,,,False,RBH,absent
Hrb1,Oxytricha_trifallax,absent,,,,,False,RBH,absent
Hrp1,Oxytricha_trifallax,present,g38758\tRNA-binding,1.17e-19,29.2,0.423,True,RBH,present
Sky1,Oxytricha_trifallax,present,g34854\tSerine/threonine,2.28e-99,33.9,0.844,True,RBH,present
Cwc25,Oxytricha_trifallax,absent,,,,,False,RBH,absent
DBR1,Oxytricha_trifallax,present,g26615\tLariat,4.81e-58,32.6,0.817,True,RBH,present
Mud1,Ichthyophthirius_multifiliis,absent,,,,,False,RBH,absent
Snp1,Ichthyophthirius_multifiliis,absent,,,,,False,RBH,absent
Yhc1,Ichthyophthirius_multifiliis,absent,,,,,False,RBH,absent
Prp39,Ichthyophthirius_multifiliis,absent,,,,,False,RBH,absent
Prp42,Ichthyophthirius_multifiliis,absent,,,,,False,RBH,absent
Nam8,Ichthyophthirius_multifiliis,absent,,,,,False,RBH,absent
Snu56,Ichthyophthirius_multifiliis,absent,,,,,False,RBH,absent
Luc7,Ichthyophthirius_multifiliis,absent,,,,,False,RBH,absent
Snu71,Ichthyophthirius_multifiliis,absent,,,,,False,RBH,absent
SmB,Ichthyophthirius_multifiliis,present,XP_004039636.1,2.19e-12,41.3,0.469,True,RBH,present
SmD3,Ichthyophthirius_multifiliis,present,XP_004039320.1,4.99e-16,37.8,0.812,True,RBH,present
SmD1,Ichthyophthirius_multifiliis,present,XP_004034765.1,1.59e-18,40.9,0.753,True,RBH,present
SmD2,Ichthyophthirius_multifiliis,present,XP_004027329.1,1.37e-27,53.5,0.9,True,RBH,present
SmE,Ichthyophthirius_multifiliis,present,XP_004039728.1,1.55e-14,51.6,0.66,True,RBH,present
SmF,Ichthyophthirius_multifiliis,absent,,,,,False,RBH,absent
SmG,Ichthyophthirius_multifiliis,absent,,,,,False,RBH,absent
Msl1,Ichthyophthirius_multifiliis,absent,,,,,False,RBH,absent
Lea1,Ichthyophthirius_multifiliis,absent,,,,,False,RBH,absent
Hsh155,Ichthyophthirius_multifiliis,present,XP_004030216.1,3.23e-250,49.1,0.882,True,RBH,present
Rse1,Ichthyophthirius_multifiliis,present,XP_004039283.1,7.28e-20,23.0,0.253,True,RBH,present
Cus1,Ichthyophthirius_multifiliis,absent,,,,,False,RBH,absent
Hsh49,Ichthyophthirius_multifiliis,absent,,,,,False,RBH,absent
Rds3,Ichthyophthirius_multifiliis,present,XP_004040112.1,1.39e-44,57.1,0.981,True,RBH,present
Ysf3,Ichthyophthirius_multifiliis,absent,,,,,False,RBH,absent
Prp9,Ichthyophthirius_multifiliis,present,XP_004039385.1,4.21e-34,29.0,0.742,True,RBH,present
Prp11,Ichthyophthirius_multifiliis,absent,,,,,False,RBH,absent
pRP21,Ichthyophthirius_multifiliis,absent,,,,,False,RBH,absent
LSm8,Ichthyophthirius_multifiliis,absent,,,,,False,RBH,absent
LSm2,Ichthyophthirius_multifiliis,absent,,,,,False,RBH,absent
LSm3,Ichthyophthirius_multifiliis,absent,,,,,False,RBH,absent
LSm4,Ichthyophthirius_multifiliis,absent,,,,,False,RBH,absent
LSm5,Ichthyophthirius_multifiliis,present,XP_004035878.1,5.88e-16,43.2,0.871,True,RBH,present
LSm6,Ichthyophthirius_multifiliis,absent,,,,,False,RBH,absent
LSm7,Ichthyophthirius_multifiliis,absent,,,,,False,RBH,absent
Prp8,Ichthyophthirius_multifiliis,present,XP_004032071.1,0.0,61.0,0.949,True,RBH,present
Brr2,Ichthyophthirius_multifiliis,weak_hit,XP_004036855.1,5.72e-267,31.9,0.847,False,RBH,weak_hit
Snu114,Ichthyophthirius_multifiliis,present,XP_004039262.1,4.62e-158,36.6,0.89,True,RBH,present
Dib1,Ichthyophthirius_multifiliis,present,XP_004035804.1,7.25e-63,62.3,0.965,True,RBH,present
Snu13,Ichthyophthirius_multifiliis,present,XP_004024993.1,1.09e-44,53.3,0.952,True,RBH,present
Prp31,Ichthyophthirius_multifiliis,absent,,,,,False,RBH,absent
Prp3,Ichthyophthirius_multifiliis,absent,,,,,False,RBH,absent
Prp4,Ichthyophthirius_multifiliis,absent,,,,,False,RBH,absent
Snu17,Ichthyophthirius_multifiliis,absent,,,,,False,RBH,absent
Bud13,Ichthyophthirius_multifiliis,absent,,,,,False,RBH,absent
Pml1,Ichthyophthirius_multifiliis,absent,,,,,False,RBH,absent
Prp38,Ichthyophthirius_multifiliis,absent,,,,,False,RBH,absent
Spp381,Ichthyophthirius_multifiliis,absent,,,,,False,RBH,absent
Clf1,Ichthyophthirius_multifiliis,present,XP_004039711.1,2.83e-08,33.7,0.121,True,RBH,present
Syf1,Ichthyophthirius_multifiliis,absent,,,,,False,RBH,absent
Cef1,Ichthyophthirius_multifiliis,present,XP_004032002.1,4.42e-52,48.6,0.363,True,RBH,present
Prp19,Ichthyophthirius_multifiliis,present,XP_004030813.1,2.94e-21,33.8,0.264,True,RBH,present
Syf2,Ichthyophthirius_multifiliis,absent,,,,,False,RBH,absent
Snt309,Ichthyophthirius_multifiliis,absent,,,,,False,RBH,absent
Isy1,Ichthyophthirius_multifiliis,absent,,,,,False,RBH,absent
Bud31,Ichthyophthirius_multifiliis,absent,,,,,False,RBH,absent
Cwc2,Ichthyophthirius_multifiliis,absent,,,,,False,RBH,absent
Cwc15,Ichthyophthirius_multifiliis,absent,,,,,False,RBH,absent
Ecm2,Ichthyophthirius_multifiliis,absent,,,,,False,RBH,absent
Prp45,Ichthyophthirius_multifiliis,absent,,,,,False,RBH,absent
Prp46,Ichthyophthirius_multifiliis,absent,,,,,False,RBH,absent
Cwc21,Ichthyophthirius_multifiliis,absent,,,,,False,RBH,absent
Cwc22,Ichthyophthirius_multifiliis,absent,,,,,False,RBH,absent
Cwc23,Ichthyophthirius_multifiliis,absent,,,,,False,RBH,absent
Cwc24,Ichthyophthirius_multifiliis,absent,,,,,False,RBH,absent
Cwc27,Ichthyophthirius_multifiliis,absent,,,,,False,RBH,absent
Prp2,Ichthyophthirius_multifiliis,weak_hit,XP_004035030.1,3.68e-184,48.4,0.703,False,RBH,weak_hit
Spp2,Ichthyophthirius_multifiliis,absent,,,,,False,RBH,absent
Yju2,Ichthyophthirius_multifiliis,absent,,,,,False,RBH,absent
Prp17,Ichthyophthirius_multifiliis,absent,,,,,False,RBH,absent
Prp22,Ichthyophthirius_multifiliis,present,XP_004031369.1,1.1e-288,46.8,0.876,True,RBH,present
Prp18,Ichthyophthirius_multifiliis,absent,,,,,False,RBH,absent
Slu7,Ichthyophthirius_multifiliis,absent,,,,,False,RBH,absent
Prp6,Ichthyophthirius_multifiliis,absent,,,,,False,RBH,absent
Snu66,Ichthyophthirius_multifiliis,absent,,,,,False,RBH,absent
Snu23,Ichthyophthirius_multifiliis,absent,,,,,False,RBH,absent
Prp43,Ichthyophthirius_multifiliis,weak_hit,XP_004031369.1,1.9e-220,51.2,0.86,False,RBH,weak_hit
Ntr1,Ichthyophthirius_multifiliis,absent,,,,,False,RBH,absent
Ntr2,Ichthyophthirius_multifiliis,absent,,,,,False,RBH,absent
Prp5,Ichthyophthirius_multifiliis,weak_hit,XP_004032460.1,4.01e-69,34.8,0.511,False,RBH,weak_hit
Sub2,Ichthyophthirius_multifiliis,present,XP_004039640.1,2.7e-124,50.8,0.879,True,RBH,present
Prp28,Ichthyophthirius_multifiliis,weak_hit,XP_004032460.1,1e-68,35.1,0.736,False,RBH,weak_hit
Prp40,Ichthyophthirius_multifiliis,absent,,,,,False,RBH,absent
Mud2,Ichthyophthirius_multifiliis,absent,,,,,False,RBH,absent
Msl5,Ichthyophthirius_multifiliis,absent,,,,,False,RBH,absent
Cus2,Ichthyophthirius_multifiliis,absent,,,,,False,RBH,absent
Srp1,Ichthyophthirius_multifiliis,present,XP_004039799.1,1.31e-20,34.3,0.334,True,RBH,present
Npl3,Ichthyophthirius_multifiliis,absent,,,,,False,RBH,absent
Gbp2,Ichthyophthirius_multifiliis,absent,,,,,False,RBH,absent
Hrb1,Ichthyophthirius_multifiliis,absent,,,,,False,RBH,absent
Hrp1,Ichthyophthirius_multifiliis,absent,,,,,False,RBH,absent
Sky1,Ichthyophthirius_multifiliis,present,XP_004023959.1,3.41e-76,36.2,0.823,True,RBH,present
Cwc25,Ichthyophthirius_multifiliis,absent,,,,,False,RBH,absent
DBR1,Ichthyophthirius_multifiliis,absent,,,,,False,RBH,absent
Mud1,Stylonychia_lemnae,absent,,,,,False,RBH,absent
Snp1,Stylonychia_lemnae,absent,,,,,False,RBH,absent
Yhc1,Stylonychia_lemnae,absent,,,,,False,RBH,absent
Prp39,Stylonychia_lemnae,absent,,,,,False,RBH,absent
Prp42,Stylonychia_lemnae,absent,,,,,False,RBH,absent
Nam8,Stylonychia_lemnae,absent,,,,,False,RBH,absent
Snu56,Stylonychia_lemnae,absent,,,,,False,RBH,absent
Luc7,Stylonychia_lemnae,absent,,,,,False,RBH,absent
Snu71,Stylonychia_lemnae,absent,,,,,False,RBH,absent
SmB,Stylonychia_lemnae,absent,,,,,False,RBH,absent
SmD3,Stylonychia_lemnae,present,Contig14369.g15309\tsmall,2.41e-28,53.7,0.812,True,RBH,present
SmD1,Stylonychia_lemnae,absent,,,,,False,RBH,absent
SmD2,Stylonychia_lemnae,present,Contig11348.g12135\tsmall,4.61e-30,59.6,0.809,True,RBH,present
SmE,Stylonychia_lemnae,present,Contig18343.g19490\tsmall,1.11e-15,44.7,0.904,True,RBH,present
SmF,Stylonychia_lemnae,absent,,,,,False,RBH,absent
SmG,Stylonychia_lemnae,present,Contig6903.g7387\tsmall,5.81e-15,50.0,0.935,True,RBH,present
Msl1,Stylonychia_lemnae,absent,,,,,False,RBH,absent
Lea1,Stylonychia_lemnae,absent,,,,,False,RBH,absent
Hsh155,Stylonychia_lemnae,present,Contig10291.g10983\tsplicing,7.61e-268,50.2,0.865,True,RBH,present
Rse1,Stylonychia_lemnae,absent,,,,,False,RBH,absent
Cus1,Stylonychia_lemnae,absent,,,,,False,RBH,absent
Hsh49,Stylonychia_lemnae,absent,,,,,False,RBH,absent
Rds3,Stylonychia_lemnae,absent,,,,,False,RBH,absent
Ysf3,Stylonychia_lemnae,absent,,,,,False,RBH,absent
Prp9,Stylonychia_lemnae,present,Contig16623.g17716\tsplicing,5.04e-27,24.4,0.751,True,RBH,present
Prp11,Stylonychia_lemnae,absent,,,,,False,RBH,absent
pRP21,Stylonychia_lemnae,absent,,,,,False,RBH,absent
LSm8,Stylonychia_lemnae,absent,,,,,False,RBH,absent
LSm2,Stylonychia_lemnae,absent,,,,,False,RBH,absent
LSm3,Stylonychia_lemnae,absent,,,,,False,RBH,absent
LSm4,Stylonychia_lemnae,absent,,,,,False,RBH,absent
LSm5,Stylonychia_lemnae,absent,,,,,False,RBH,absent
LSm6,Stylonychia_lemnae,absent,,,,,False,RBH,absent
LSm7,Stylonychia_lemnae,present,Contig14505.g15453\tu6,3.06e-20,47.1,0.757,True,RBH,present
Prp8,Stylonychia_lemnae,present,Contig12809.g13675\tpre-mrna-processing-splicing,0.0,61.7,0.952,True,RBH,present
Brr2,Stylonychia_lemnae,present,Contig6362.g6819\tu5,0.0,37.0,0.98,True,RBH,present
Snu114,Stylonychia_lemnae,weak_hit,Contig11021.g11776\t116,1.8e-146,33.2,1.047,False,RBH,weak_hit
Dib1,Stylonychia_lemnae,present,Contig8421.g8977\tthioredoxin-like,1.54e-53,63.1,0.909,True,RBH,present
Snu13,Stylonychia_lemnae,present,Contig17991.g19126\tsnrnp,4.58e-45,58.3,0.952,True,RBH,present
Prp31,Stylonychia_lemnae,absent,,,,,False,RBH,absent
Prp3,Stylonychia_lemnae,absent,,,,,False,RBH,absent
Prp4,Stylonychia_lemnae,absent,,,,,False,RBH,absent
Snu17,Stylonychia_lemnae,present,Contig18788.g19932\trna-binding,4.53e-22,61.5,0.439,True,RBH,present
Bud13,Stylonychia_lemnae,absent,,,,,False,RBH,absent
Pml1,Stylonychia_lemnae,absent,,,,,False,RBH,absent
Prp38,Stylonychia_lemnae,absent,,,,,False,RBH,absent
Spp381,Stylonychia_lemnae,absent,,,,,False,RBH,absent
Clf1,Stylonychia_lemnae,absent,,,,,False,RBH,absent
Syf1,Stylonychia_lemnae,absent,,,,,False,RBH,absent
Cef1,Stylonychia_lemnae,present,Contig6303.g6747\tcell,9.36e-53,48.5,0.385,True,RBH,present
Prp19,Stylonychia_lemnae,absent,,,,,False,RBH,absent
Syf2,Stylonychia_lemnae,absent,,,,,False,RBH,absent
Snt309,Stylonychia_lemnae,absent,,,,,False,RBH,absent
Isy1,Stylonychia_lemnae,absent,,,,,False,RBH,absent
Bud31,Stylonychia_lemnae,present,Contig4450.g4746\tprotein,1.51e-54,52.9,1.0,True,RBH,present
Cwc2,Stylonychia_lemnae,absent,,,,,False,RBH,absent
Cwc15,Stylonychia_lemnae,absent,,,,,False,RBH,absent
Ecm2,Stylonychia_lemnae,absent,,,,,False,RBH,absent
Prp45,Stylonychia_lemnae,absent,,,,,False,RBH,absent
Prp46,Stylonychia_lemnae,present,Contig17272.g18393\tpleiotropic,9.39e-22,61.3,0.716,True,RBH,present
Cwc21,Stylonychia_lemnae,absent,,,,,False,RBH,absent
Cwc22,Stylonychia_lemnae,present,Contig5904.g6329\tpre-mrna-splicing,3.83e-54,26.9,0.863,True,RBH,present
Cwc23,Stylonychia_lemnae,absent,,,,,False,RBH,absent
Cwc24,Stylonychia_lemnae,absent,,,,,False,RBH,absent
Cwc27,Stylonychia_lemnae,absent,,,,,False,RBH,absent
Prp2,Stylonychia_lemnae,weak_hit,Contig18551.g19709\tpre-mrna-splicing,1.99e-205,50.0,0.767,False,RBH,weak_hit
Spp2,Stylonychia_lemnae,absent,,,,,False,RBH,absent
Yju2,Stylonychia_lemnae,absent,,,,,False,RBH,absent
Prp17,Stylonychia_lemnae,absent,,,,,False,RBH,absent
Prp22,Stylonychia_lemnae,present,Contig1214.g1317\tatp-dependent,1.34e-288,46.8,0.896,True,RBH,present
Prp18,Stylonychia_lemnae,absent,,,,,False,RBH,absent
Slu7,Stylonychia_lemnae,absent,,,,,False,RBH,absent
Prp6,Stylonychia_lemnae,absent,,,,,False,RBH,absent
Snu66,Stylonychia_lemnae,absent,,,,,False,RBH,absent
Snu23,Stylonychia_lemnae,absent,,,,,False,RBH,absent
Prp43,Stylonychia_lemnae,present,Contig15539.g16559\tprobable,3e-283,60.1,0.88,True,RBH,present
Ntr1,Stylonychia_lemnae,absent,,,,,False,RBH,absent
Ntr2,Stylonychia_lemnae,absent,,,,,False,RBH,absent
Prp5,Stylonychia_lemnae,weak_hit,Contig3696.g3944\tprobable,4.18e-104,38.8,0.585,False,RBH,weak_hit
Sub2,Stylonychia_lemnae,present,Contig1855.g2005\tatp-dependent,6.52e-170,59.6,0.899,True,RBH,present
Prp28,Stylonychia_lemnae,weak_hit,Contig8879.g9485\thypothetical,1.03e-60,33.7,0.696,False,RBH,weak_hit
Prp40,Stylonychia_lemnae,absent,,,,,False,RBH,absent
Mud2,Stylonychia_lemnae,absent,,,,,False,RBH,absent
Msl5,Stylonychia_lemnae,present,Contig12629.g13474\tkh,6.45e-15,37.5,0.252,True,RBH,present
Cus2,Stylonychia_lemnae,absent,,,,,False,RBH,absent
Srp1,Stylonychia_lemnae,absent,,,,,False,RBH,absent
Npl3,Stylonychia_lemnae,absent,,,,,False,RBH,absent
Gbp2,Stylonychia_lemnae,absent,,,,,False,RBH,absent
Hrb1,Stylonychia_lemnae,present,Contig9732.g10411\tsc35-like,1.13e-06,33.8,0.163,True,RBH,present
Hrp1,Stylonychia_lemnae,present,Contig10650.g11370\theterogeneous,8.61e-21,30.9,0.418,True,RBH,present
Sky1,Stylonychia_lemnae,present,Contig8130.g8671\tserine,7.5e-101,35.1,0.867,True,RBH,present
Cwc25,Stylonychia_lemnae,absent,,,,,False,RBH,absent
DBR1,Stylonychia_lemnae,present,Contig11069.g11839\tlariat,7.81e-37,37.6,0.459,True,RBH,present
Mud1,Paramecium_octaurelia,absent,,,,,False,RBH,absent
Snp1,Paramecium_octaurelia,present,CAD8200349.1,9.44e-08,49.2,0.197,True,RBH,present
Yhc1,Paramecium_octaurelia,absent,,,,,False,RBH,absent
Prp39,Paramecium_octaurelia,absent,,,,,False,RBH,absent
Prp42,Paramecium_octaurelia,absent,,,,,False,RBH,absent
Nam8,Paramecium_octaurelia,absent,,,,,False,RBH,absent
Snu56,Paramecium_octaurelia,absent,,,,,False,RBH,absent
Luc7,Paramecium_octaurelia,absent,,,,,False,RBH,absent
Snu71,Paramecium_octaurelia,absent,,,,,False,RBH,absent
SmB,Paramecium_octaurelia,present,CAD8211265.1,8.38e-13,33.3,0.49,True,RBH,present
SmD3,Paramecium_octaurelia,present,CAD8194265.1,2.88e-23,46.3,0.812,True,RBH,present
SmD1,Paramecium_octaurelia,absent,,,,,False,RBH,absent
SmD2,Paramecium_octaurelia,present,CAD8151815.1,3.15e-26,55.8,0.782,True,RBH,present
SmE,Paramecium_octaurelia,present,CAD8212753.1,1.77e-17,40.2,0.926,True,RBH,present
SmF,Paramecium_octaurelia,absent,,,,,False,RBH,absent
SmG,Paramecium_octaurelia,absent,,,,,False,RBH,absent
Msl1,Paramecium_octaurelia,absent,,,,,False,RBH,absent
Lea1,Paramecium_octaurelia,absent,,,,,False,RBH,absent
Hsh155,Paramecium_octaurelia,present,CAD8187342.1,1.53e-253,49.7,0.876,True,RBH,present
Rse1,Paramecium_octaurelia,absent,,,,,False,RBH,absent
Cus1,Paramecium_octaurelia,absent,,,,,False,RBH,absent
Hsh49,Paramecium_octaurelia,present,CAD8149259.1,7.8e-36,36.6,0.962,True,RBH,present
Rds3,Paramecium_octaurelia,present,CAD8187614.1,1.59e-43,57.1,0.981,True,RBH,present
Ysf3,Paramecium_octaurelia,absent,,,,,False,RBH,absent
Prp9,Paramecium_octaurelia,absent,,,,,False,RBH,absent
Prp11,Paramecium_octaurelia,absent,,,,,False,RBH,absent
pRP21,Paramecium_octaurelia,absent,,,,,False,RBH,absent
LSm8,Paramecium_octaurelia,absent,,,,,False,RBH,absent
LSm2,Paramecium_octaurelia,absent,,,,,False,RBH,absent
LSm3,Paramecium_octaurelia,absent,,,,,False,RBH,absent
LSm4,Paramecium_octaurelia,absent,,,,,False,RBH,absent
LSm5,Paramecium_octaurelia,weak_hit,CAD8212753.1,6.48e-06,31.7,0.677,False,RBH,weak_hit
LSm6,Paramecium_octaurelia,absent,,,,,False,RBH,absent
LSm7,Paramecium_octaurelia,absent,,,,,False,RBH,absent
Prp8,Paramecium_octaurelia,present,CAD8137895.1,0.0,50.6,1.138,True,RBH,present
Brr2,Paramecium_octaurelia,present,CAD8202347.1,0.0,35.5,0.995,True,RBH,present
Snu114,Paramecium_octaurelia,present,CAD8208930.1,2.02e-164,34.0,0.994,True,RBH,present
Dib1,Paramecium_octaurelia,present,CAD8142170.1,4.11e-62,63.8,0.965,True,RBH,present
Snu13,Paramecium_octaurelia,present,CAD8131799.1,3.12e-45,54.8,1.0,True,RBH,present
Prp31,Paramecium_octaurelia,present,CAD8141288.1,1.1e-32,29.6,0.678,True,RBH,present
Prp3,Paramecium_octaurelia,absent,,,,,False,RBH,absent
Prp4,Paramecium_octaurelia,absent,,,,,False,RBH,absent
Snu17,Paramecium_octaurelia,present,CAD8198251.1,1.48e-29,57.3,0.649,True,RBH,present
Bud13,Paramecium_octaurelia,absent,,,,,False,RBH,absent
Pml1,Paramecium_octaurelia,absent,,,,,False,RBH,absent
Prp38,Paramecium_octaurelia,absent,,,,,False,RBH,absent
Spp381,Paramecium_octaurelia,absent,,,,,False,RBH,absent
Clf1,Paramecium_octaurelia,absent,,,,,False,RBH,absent
Syf1,Paramecium_octaurelia,absent,,,,,False,RBH,absent
Cef1,Paramecium_octaurelia,present,CAD8178497.1,1.63e-52,45.5,0.41,True,RBH,present
Prp19,Paramecium_octaurelia,present,CAD8171987.1,7.76e-24,25.4,0.845,True,RBH,present
Syf2,Paramecium_octaurelia,absent,,,,,False,RBH,absent
Snt309,Paramecium_octaurelia,absent,,,,,False,RBH,absent
Isy1,Paramecium_octaurelia,absent,,,,,False,RBH,absent
Bud31,Paramecium_octaurelia,present,CAD8163805.1,1.43e-55,56.1,1.0,True,RBH,present
Cwc2,Paramecium_octaurelia,absent,,,,,False,RBH,absent
Cwc15,Paramecium_octaurelia,absent,,,,,False,RBH,absent
Ecm2,Paramecium_octaurelia,absent,,,,,False,RBH,absent
Prp45,Paramecium_octaurelia,absent,,,,,False,RBH,absent
Prp46,Paramecium_octaurelia,present,CAD8172858.1,1.72e-35,58.9,0.749,True,RBH,present
Cwc21,Paramecium_octaurelia,absent,,,,,False,RBH,absent
Cwc22,Paramecium_octaurelia,present,CAD8148273.1,6.54e-49,27.2,0.842,True,RBH,present
Cwc23,Paramecium_octaurelia,absent,,,,,False,RBH,absent
Cwc24,Paramecium_octaurelia,absent,,,,,False,RBH,absent
Cwc27,Paramecium_octaurelia,absent,,,,,False,RBH,absent
Prp2,Paramecium_octaurelia,weak_hit,CAD8207194.1,1.94e-188,49.0,0.741,False,RBH,weak_hit
Spp2,Paramecium_octaurelia,absent,,,,,False,RBH,absent
Yju2,Paramecium_octaurelia,absent,,,,,False,RBH,absent
Prp17,Paramecium_octaurelia,present,CAD8212358.1,1.44e-07,23.3,0.33,True,RBH,present
Prp22,Paramecium_octaurelia,present,CAD8148660.1,3.69e-298,48.9,0.852,True,RBH,present
Prp18,Paramecium_octaurelia,absent,,,,,False,RBH,absent
Slu7,Paramecium_octaurelia,absent,,,,,False,RBH,absent
Prp6,Paramecium_octaurelia,absent,,,,,False,RBH,absent
Snu66,Paramecium_octaurelia,absent,,,,,False,RBH,absent
Snu23,Paramecium_octaurelia,absent,,,,,False,RBH,absent
Prp43,Paramecium_octaurelia,present,CAD8162724.1,3.76e-284,58.4,0.919,True,RBH,present
Ntr1,Paramecium_octaurelia,absent,,,,,False,RBH,absent
Ntr2,Paramecium_octaurelia,absent,,,,,False,RBH,absent
Prp5,Paramecium_octaurelia,weak_hit,CAD8149299.1,5.64e-69,37.8,0.455,False,RBH,weak_hit
Sub2,Paramecium_octaurelia,present,CAD8135370.1,1.17e-87,39.7,0.899,True,RBH,present
Prp28,Paramecium_octaurelia,present,CAD8178495.1,6.19e-99,40.1,0.84,True,RBH,present
Prp40,Paramecium_octaurelia,absent,,,,,False,RBH,absent
Mud2,Paramecium_octaurelia,absent,,,,,False,RBH,absent
Msl5,Paramecium_octaurelia,present,CAD8151208.1,1.99e-09,31.4,0.254,True,RBH,present
Cus2,Paramecium_octaurelia,absent,,,,,False,RBH,absent
Srp1,Paramecium_octaurelia,absent,,,,,False,RBH,absent
Npl3,Paramecium_octaurelia,absent,,,,,False,RBH,absent
Gbp2,Paramecium_octaurelia,absent,,,,,False,RBH,absent
Hrb1,Paramecium_octaurelia,absent,,,,,False,RBH,absent
Hrp1,Paramecium_octaurelia,present,CAD8212002.1,1e-09,31.4,0.191,True,RBH,present
Sky1,Paramecium_octaurelia,present,CAD8164650.1,3.89e-86,31.1,0.829,True,RBH,present
Cwc25,Paramecium_octaurelia,absent,,,,,False,RBH,absent
DBR1,Paramecium_octaurelia,absent,,,,,False,RBH,absent
Mud1,Paramecium_pentaurelia,absent,,,,,False,RBH,absent
Snp1,Paramecium_pentaurelia,present,CAD8177017.1,2.25e-06,40.8,0.253,True,RBH,present
Yhc1,Paramecium_pentaurelia,absent,,,,,False,RBH,absent
Prp39,Paramecium_pentaurelia,absent,,,,,False,RBH,absent
Prp42,Paramecium_pentaurelia,absent,,,,,False,RBH,absent
Nam8,Paramecium_pentaurelia,absent,,,,,False,RBH,absent
Snu56,Paramecium_pentaurelia,absent,,,,,False,RBH,absent
Luc7,Paramecium_pentaurelia,absent,,,,,False,RBH,absent
Snu71,Paramecium_pentaurelia,absent,,,,,False,RBH,absent
SmB,Paramecium_pentaurelia,present,CAD8204109.1,8.68e-13,33.3,0.49,True,RBH,present
SmD3,Paramecium_pentaurelia,present,CAD8202507.1,2.98e-23,46.3,0.812,True,RBH,present
SmD1,Paramecium_pentaurelia,absent,,,,,False,RBH,absent
SmD2,Paramecium_pentaurelia,present,CAD8161891.1,2.3e-26,57.0,0.782,True,RBH,present
SmE,Paramecium_pentaurelia,present,CAD8165090.1,1.83e-17,40.2,0.926,True,RBH,present
SmF,Paramecium_pentaurelia,absent,,,,,False,RBH,absent
SmG,Paramecium_pentaurelia,absent,,,,,False,RBH,absent
Msl1,Paramecium_pentaurelia,absent,,,,,False,RBH,absent
Lea1,Paramecium_pentaurelia,absent,,,,,False,RBH,absent
Hsh155,Paramecium_pentaurelia,present,CAD8187639.1,2.24e-253,49.6,0.876,True,RBH,present
Rse1,Paramecium_pentaurelia,absent,,,,,False,RBH,absent
Cus1,Paramecium_pentaurelia,absent,,,,,False,RBH,absent
Hsh49,Paramecium_pentaurelia,present,CAD8173853.1,8.08e-36,36.6,0.962,True,RBH,present
Rds3,Paramecium_pentaurelia,present,CAD8195246.1,1.65e-43,57.1,0.981,True,RBH,present
Ysf3,Paramecium_pentaurelia,absent,,,,,False,RBH,absent
Prp9,Paramecium_pentaurelia,absent,,,,,False,RBH,absent
Prp11,Paramecium_pentaurelia,absent,,,,,False,RBH,absent
pRP21,Paramecium_pentaurelia,absent,,,,,False,RBH,absent
LSm8,Paramecium_pentaurelia,absent,,,,,False,RBH,absent
LSm2,Paramecium_pentaurelia,absent,,,,,False,RBH,absent
LSm3,Paramecium_pentaurelia,absent,,,,,False,RBH,absent
LSm4,Paramecium_pentaurelia,absent,,,,,False,RBH,absent
LSm5,Paramecium_pentaurelia,weak_hit,CAD8165090.1,6.71e-06,31.7,0.677,False,RBH,weak_hit
LSm6,Paramecium_pentaurelia,absent,,,,,False,RBH,absent
LSm7,Paramecium_pentaurelia,absent,,,,,False,RBH,absent
Prp8,Paramecium_pentaurelia,present,CAD8150018.1,0.0,60.6,0.951,True,RBH,present
Brr2,Paramecium_pentaurelia,present,CAD8197641.1,0.0,36.4,0.962,True,RBH,present
Snu114,Paramecium_pentaurelia,present,CAD8190095.1,6.52e-167,34.6,0.994,True,RBH,present
Dib1,Paramecium_pentaurelia,present,CAD8136892.1,4.26e-62,63.8,0.965,True,RBH,present
Snu13,Paramecium_pentaurelia,present,CAD8150532.1,3.23e-45,54.8,1.0,True,RBH,present
Prp31,Paramecium_pentaurelia,present,CAD8152187.1,8.31e-33,29.5,0.666,True,RBH,present
Prp3,Paramecium_pentaurelia,absent,,,,,False,RBH,absent
Prp4,Paramecium_pentaurelia,absent,,,,,False,RBH,absent
Snu17,Paramecium_pentaurelia,present,CAD8193088.1,8.08e-30,50.9,0.77,True,RBH,present
Bud13,Paramecium_pentaurelia,absent,,,,,False,RBH,absent
Pml1,Paramecium_pentaurelia,absent,,,,,False,RBH,absent
Prp38,Paramecium_pentaurelia,absent,,,,,False,RBH,absent
Spp381,Paramecium_pentaurelia,absent,,,,,False,RBH,absent
Clf1,Paramecium_pentaurelia,absent,,,,,False,RBH,absent
Syf1,Paramecium_pentaurelia,absent,,,,,False,RBH,absent
Cef1,Paramecium_pentaurelia,present,CAD8169981.1,1.69e-52,45.5,0.41,True,RBH,present
Prp19,Paramecium_pentaurelia,present,CAD8191941.1,2.75e-22,24.0,0.845,True,RBH,present
Syf2,Paramecium_pentaurelia,absent,,,,,False,RBH,absent
Snt309,Paramecium_pentaurelia,absent,,,,,False,RBH,absent
Isy1,Paramecium_pentaurelia,absent,,,,,False,RBH,absent
Bud31,Paramecium_pentaurelia,present,CAD8156295.1,2.1e-55,56.1,1.0,True,RBH,present
Cwc2,Paramecium_pentaurelia,absent,,,,,False,RBH,absent
Cwc15,Paramecium_pentaurelia,absent,,,,,False,RBH,absent
Ecm2,Paramecium_pentaurelia,absent,,,,,False,RBH,absent
Prp45,Paramecium_pentaurelia,absent,,,,,False,RBH,absent
Prp46,Paramecium_pentaurelia,present,CAD8162300.1,4.59e-35,58.6,0.749,True,RBH,present
Cwc21,Paramecium_pentaurelia,absent,,,,,False,RBH,absent
Cwc22,Paramecium_pentaurelia,present,CAD8154534.1,5.11e-48,27.0,0.842,True,RBH,present
Cwc23,Paramecium_pentaurelia,absent,,,,,False,RBH,absent
Cwc24,Paramecium_pentaurelia,absent,,,,,False,RBH,absent
Cwc27,Paramecium_pentaurelia,absent,,,,,False,RBH,absent
Prp2,Paramecium_pentaurelia,weak_hit,CAD8207986.1,3.43e-195,49.0,0.741,False,RBH,weak_hit
Spp2,Paramecium_pentaurelia,absent,,,,,False,RBH,absent
Yju2,Paramecium_pentaurelia,absent,,,,,False,RBH,absent
Prp17,Paramecium_pentaurelia,absent,,,,,False,RBH,absent
Prp22,Paramecium_pentaurelia,present,CAD8163966.1,2.96e-298,49.0,0.846,True,RBH,present
Prp18,Paramecium_pentaurelia,absent,,,,,False,RBH,absent
Slu7,Paramecium_pentaurelia,absent,,,,,False,RBH,absent
Prp6,Paramecium_pentaurelia,absent,,,,,False,RBH,absent
Snu66,Paramecium_pentaurelia,absent,,,,,False,RBH,absent
Snu23,Paramecium_pentaurelia,absent,,,,,False,RBH,absent
Prp43,Paramecium_pentaurelia,present,CAD8181742.1,1.37e-284,59.9,0.892,True,RBH,present
Ntr1,Paramecium_pentaurelia,absent,,,,,False,RBH,absent
Ntr2,Paramecium_pentaurelia,absent,,,,,False,RBH,absent
Prp5,Paramecium_pentaurelia,weak_hit,CAD8136554.1,4.47e-97,42.3,0.506,False,RBH,weak_hit
Sub2,Paramecium_pentaurelia,present,CAD8132056.1,5.28e-88,41.0,0.881,True,RBH,present
Prp28,Paramecium_pentaurelia,present,CAD8169983.1,6.72e-98,39.3,0.84,True,RBH,present
Prp40,Paramecium_pentaurelia,absent,,,,,False,RBH,absent
Mud2,Paramecium_pentaurelia,absent,,,,,False,RBH,absent
Msl5,Paramecium_pentaurelia,present,CAD8142922.1,2.06e-09,31.4,0.254,True,RBH,present
Cus2,Paramecium_pentaurelia,absent,,,,,False,RBH,absent
Srp1,Paramecium_pentaurelia,absent,,,,,False,RBH,absent
Npl3,Paramecium_pentaurelia,absent,,,,,False,RBH,absent
Gbp2,Paramecium_pentaurelia,absent,,,,,False,RBH,absent
Hrb1,Paramecium_pentaurelia,absent,,,,,False,RBH,absent
Hrp1,Paramecium_pentaurelia,present,CAD8207137.1,1.04e-09,31.4,0.191,True,RBH,present
Sky1,Paramecium_pentaurelia,present,CAD8205390.1,1.12e-86,33.7,0.821,True,RBH,present
Cwc25,Paramecium_pentaurelia,absent,,,,,False,RBH,absent
DBR1,Paramecium_pentaurelia,absent,,,,,False,RBH,absent
Mud1,Paramecium_primaurelia,absent,,,,,False,RBH,absent
Snp1,Paramecium_primaurelia,present,CAD8080251.1,2.8e-27,42.1,0.483,True,RBH,present
Yhc1,Paramecium_primaurelia,absent,,,,,False,RBH,absent
Prp39,Paramecium_primaurelia,absent,,,,,False,RBH,absent
Prp42,Paramecium_primaurelia,absent,,,,,False,RBH,absent
Nam8,Paramecium_primaurelia,absent,,,,,False,RBH,absent
Snu56,Paramecium_primaurelia,absent,,,,,False,RBH,absent
Luc7,Paramecium_primaurelia,absent,,,,,False,RBH,absent
Snu71,Paramecium_primaurelia,absent,,,,,False,RBH,absent
SmB,Paramecium_primaurelia,present,CAD8105212.1,7.85e-13,33.3,0.49,True,RBH,present
SmD3,Paramecium_primaurelia,present,CAD8104793.1,2.7e-23,46.3,0.812,True,RBH,present
SmD1,Paramecium_primaurelia,absent,,,,,False,RBH,absent
SmD2,Paramecium_primaurelia,present,CAD8067370.1,2.08e-26,57.0,0.782,True,RBH,present
SmE,Paramecium_primaurelia,present,CAD8072625.1,1.66e-17,40.2,0.926,True,RBH,present
SmF,Paramecium_primaurelia,absent,,,,,False,RBH,absent
SmG,Paramecium_primaurelia,absent,,,,,False,RBH,absent
Msl1,Paramecium_primaurelia,absent,,,,,False,RBH,absent
Lea1,Paramecium_primaurelia,absent,,,,,False,RBH,absent
Hsh155,Paramecium_primaurelia,present,CAD8095167.1,2.56e-254,49.8,0.876,True,RBH,present
Rse1,Paramecium_primaurelia,absent,,,,,False,RBH,absent
Cus1,Paramecium_primaurelia,absent,,,,,False,RBH,absent
Hsh49,Paramecium_primaurelia,present,CAD8073103.1,7.31e-36,36.6,0.962,True,RBH,present
Rds3,Paramecium_primaurelia,present,CAD8095434.1,1.49e-43,57.1,0.981,True,RBH,present
Ysf3,Paramecium_primaurelia,absent,,,,,False,RBH,absent
Prp9,Paramecium_primaurelia,absent,,,,,False,RBH,absent
Prp11,Paramecium_primaurelia,absent,,,,,False,RBH,absent
pRP21,Paramecium_primaurelia,absent,,,,,False,RBH,absent
LSm8,Paramecium_primaurelia,absent,,,,,False,RBH,absent
LSm2,Paramecium_primaurelia,absent,,,,,False,RBH,absent
LSm3,Paramecium_primaurelia,absent,,,,,False,RBH,absent
LSm4,Paramecium_primaurelia,absent,,,,,False,RBH,absent
LSm5,Paramecium_primaurelia,weak_hit,CAD8072625.1,6.07e-06,31.7,0.677,False,RBH,weak_hit
LSm6,Paramecium_primaurelia,absent,,,,,False,RBH,absent
LSm7,Paramecium_primaurelia,absent,,,,,False,RBH,absent
Prp8,Paramecium_primaurelia,absent,,,,,False,RBH,absent
Brr2,Paramecium_primaurelia,present,CAD8089838.1,0.0,36.4,0.963,True,RBH,present
Snu114,Paramecium_primaurelia,present,CAD8098241.1,1.16e-166,34.6,0.994,True,RBH,present
Dib1,Paramecium_primaurelia,present,CAD8043754.1,3.85e-62,63.8,0.965,True,RBH,present
Snu13,Paramecium_primaurelia,present,CAD8065251.1,7.26e-44,60.8,0.952,True,RBH,present
Prp31,Paramecium_primaurelia,present,CAD8052710.1,7.52e-33,29.5,0.666,True,RBH,present
Prp3,Paramecium_primaurelia,absent,,,,,False,RBH,absent
Prp4,Paramecium_primaurelia,absent,,,,,False,RBH,absent
Snu17,Paramecium_primaurelia,present,CAD8093070.1,5.02e-30,50.9,0.77,True,RBH,present
Bud13,Paramecium_primaurelia,absent,,,,,False,RBH,absent
Pml1,Paramecium_primaurelia,absent,,,,,False,RBH,absent
Prp38,Paramecium_primaurelia,absent,,,,,False,RBH,absent
Spp381,Paramecium_primaurelia,absent,,,,,False,RBH,absent
Clf1,Paramecium_primaurelia,absent,,,,,False,RBH,absent
Syf1,Paramecium_primaurelia,absent,,,,,False,RBH,absent
Cef1,Paramecium_primaurelia,present,CAD8086448.1,1.52e-52,45.5,0.41,True,RBH,present
Prp19,Paramecium_primaurelia,present,CAD8054633.1,6.18e-21,24.2,0.968,True,RBH,present
Syf2,Paramecium_primaurelia,absent,,,,,False,RBH,absent
Snt309,Paramecium_primaurelia,absent,,,,,False,RBH,absent
Isy1,Paramecium_primaurelia,absent,,,,,False,RBH,absent
Bud31,Paramecium_primaurelia,present,CAD8066118.1,1.9e-55,56.1,1.0,True,RBH,present
Cwc2,Paramecium_primaurelia,absent,,,,,False,RBH,absent
Cwc15,Paramecium_primaurelia,absent,,,,,False,RBH,absent
Ecm2,Paramecium_primaurelia,absent,,,,,False,RBH,absent
Prp45,Paramecium_primaurelia,absent,,,,,False,RBH,absent
Prp46,Paramecium_primaurelia,present,CAD8061467.1,4.15e-35,58.6,0.749,True,RBH,present
Cwc21,Paramecium_primaurelia,absent,,,,,False,RBH,absent
Cwc22,Paramecium_primaurelia,present,CAD8059363.1,2.86e-30,27.7,0.638,True,RBH,present
Cwc23,Paramecium_primaurelia,absent,,,,,False,RBH,absent
Cwc24,Paramecium_primaurelia,absent,,,,,False,RBH,absent
Cwc27,Paramecium_primaurelia,absent,,,,,False,RBH,absent
Prp2,Paramecium_primaurelia,weak_hit,CAD8109636.1,3.2e-195,48.8,0.741,False,RBH,weak_hit
Spp2,Paramecium_primaurelia,absent,,,,,False,RBH,absent
Yju2,Paramecium_primaurelia,absent,,,,,False,RBH,absent
Prp17,Paramecium_primaurelia,absent,,,,,False,RBH,absent
Prp22,Paramecium_primaurelia,present,CAD8058974.1,5.81e-298,49.2,0.841,True,RBH,present
Prp18,Paramecium_primaurelia,absent,,,,,False,RBH,absent
Slu7,Paramecium_primaurelia,absent,,,,,False,RBH,absent
Prp6,Paramecium_primaurelia,absent,,,,,False,RBH,absent
Snu66,Paramecium_primaurelia,absent,,,,,False,RBH,absent
Snu23,Paramecium_primaurelia,absent,,,,,False,RBH,absent
Prp43,Paramecium_primaurelia,present,CAD8078456.1,1.85e-256,61.8,0.808,True,RBH,present
Ntr1,Paramecium_primaurelia,absent,,,,,False,RBH,absent
Ntr2,Paramecium_primaurelia,absent,,,,,False,RBH,absent
Prp5,Paramecium_primaurelia,weak_hit,CAD8043561.1,4.04e-97,42.3,0.506,False,RBH,weak_hit
Sub2,Paramecium_primaurelia,present,CAD8046922.1,6.14e-87,39.7,0.899,True,RBH,present
Prp28,Paramecium_primaurelia,present,CAD8115560.1,4.33e-98,39.3,0.84,True,RBH,present
Prp40,Paramecium_primaurelia,absent,,,,,False,RBH,absent
Mud2,Paramecium_primaurelia,absent,,,,,False,RBH,absent
Msl5,Paramecium_primaurelia,present,CAD8050405.1,1.86e-09,31.4,0.254,True,RBH,present
Cus2,Paramecium_primaurelia,absent,,,,,False,RBH,absent
Srp1,Paramecium_primaurelia,absent,,,,,False,RBH,absent
Npl3,Paramecium_primaurelia,absent,,,,,False,RBH,absent
Gbp2,Paramecium_primaurelia,absent,,,,,False,RBH,absent
Hrb1,Paramecium_primaurelia,absent,,,,,False,RBH,absent
Hrp1,Paramecium_primaurelia,present,CAD8106302.1,9.4e-10,31.4,0.191,True,RBH,present
Sky1,Paramecium_primaurelia,present,CAD8102785.1,1.01e-87,35.3,0.858,True,RBH,present
Cwc25,Paramecium_primaurelia,absent,,,,,False,RBH,absent
DBR1,Paramecium_primaurelia,absent,,,,,False,RBH,absent
Mud1,Paramecium_sonneborni,absent,,,,,False,RBH,absent
Snp1,Paramecium_sonneborni,present,CAD8099774.1,9.15e-26,45.0,0.437,True,RBH,present
Yhc1,Paramecium_sonneborni,absent,,,,,False,RBH,absent
Prp39,Paramecium_sonneborni,absent,,,,,False,RBH,absent
Prp42,Paramecium_sonneborni,absent,,,,,False,RBH,absent
Nam8,Paramecium_sonneborni,absent,,,,,False,RBH,absent
Snu56,Paramecium_sonneborni,absent,,,,,False,RBH,absent
Luc7,Paramecium_sonneborni,absent,,,,,False,RBH,absent
Snu71,Paramecium_sonneborni,absent,,,,,False,RBH,absent
SmB,Paramecium_sonneborni,present,CAD8124802.1,9.63e-13,33.3,0.49,True,RBH,present
SmD3,Paramecium_sonneborni,present,CAD8112265.1,3.31e-23,46.3,0.812,True,RBH,present
SmD1,Paramecium_sonneborni,absent,,,,,False,RBH,absent
SmD2,Paramecium_sonneborni,present,CAD8081231.1,3.63e-26,55.8,0.782,True,RBH,present
SmE,Paramecium_sonneborni,present,CAD8122877.1,2.03e-17,40.2,0.926,True,RBH,present
SmF,Paramecium_sonneborni,absent,,,,,False,RBH,absent
SmG,Paramecium_sonneborni,absent,,,,,False,RBH,absent
Msl1,Paramecium_sonneborni,absent,,,,,False,RBH,absent
Lea1,Paramecium_sonneborni,absent,,,,,False,RBH,absent
Hsh155,Paramecium_sonneborni,present,CAD8106345.1,4.43e-254,49.7,0.876,True,RBH,present
Rse1,Paramecium_sonneborni,absent,,,,,False,RBH,absent
Cus1,Paramecium_sonneborni,absent,,,,,False,RBH,absent
Hsh49,Paramecium_sonneborni,present,CAD8066319.1,8.97e-36,36.6,0.962,True,RBH,present
Rds3,Paramecium_sonneborni,present,CAD8103225.1,1.83e-43,57.1,0.981,True,RBH,present
Ysf3,Paramecium_sonneborni,absent,,,,,False,RBH,absent
Prp9,Paramecium_sonneborni,absent,,,,,False,RBH,absent
Prp11,Paramecium_sonneborni,absent,,,,,False,RBH,absent
pRP21,Paramecium_sonneborni,absent,,,,,False,RBH,absent
LSm8,Paramecium_sonneborni,absent,,,,,False,RBH,absent
LSm2,Paramecium_sonneborni,absent,,,,,False,RBH,absent
LSm3,Paramecium_sonneborni,absent,,,,,False,RBH,absent
LSm4,Paramecium_sonneborni,absent,,,,,False,RBH,absent
LSm5,Paramecium_sonneborni,weak_hit,CAD8122877.1,7.44e-06,31.7,0.677,False,RBH,weak_hit
LSm6,Paramecium_sonneborni,absent,,,,,False,RBH,absent
LSm7,Paramecium_sonneborni,absent,,,,,False,RBH,absent
Prp8,Paramecium_sonneborni,present,CAD8055076.1,0.0,60.6,0.951,True,RBH,present
Brr2,Paramecium_sonneborni,present,CAD8105093.1,0.0,36.2,0.988,True,RBH,present
Snu114,Paramecium_sonneborni,present,CAD8124194.1,1.15e-164,34.3,0.993,True,RBH,present
Dib1,Paramecium_sonneborni,present,CAD8051946.1,6.71e-62,63.8,0.965,True,RBH,present
Snu13,Paramecium_sonneborni,present,CAD8055697.1,1.03e-44,54.0,1.0,True,RBH,present
Prp31,Paramecium_sonneborni,present,CAD8058252.1,6.75e-33,29.7,0.668,True,RBH,present
Prp3,Paramecium_sonneborni,absent,,,,,False,RBH,absent
Prp4,Paramecium_sonneborni,absent,,,,,False,RBH,absent
Snu17,Paramecium_sonneborni,present,CAD8107586.1,4.44e-29,55.2,0.649,True,RBH,present
Bud13,Paramecium_sonneborni,absent,,,,,False,RBH,absent
Pml1,Paramecium_sonneborni,absent,,,,,False,RBH,absent
Prp38,Paramecium_sonneborni,absent,,,,,False,RBH,absent
Spp381,Paramecium_sonneborni,absent,,,,,False,RBH,absent
Clf1,Paramecium_sonneborni,absent,,,,,False,RBH,absent
Syf1,Paramecium_sonneborni,absent,,,,,False,RBH,absent
Cef1,Paramecium_sonneborni,present,CAD8100500.1,2.56e-52,45.5,0.41,True,RBH,present
Prp19,Paramecium_sonneborni,present,CAD8095903.1,5.79e-20,38.9,0.26,True,RBH,present
Syf2,Paramecium_sonneborni,absent,,,,,False,RBH,absent
Snt309,Paramecium_sonneborni,absent,,,,,False,RBH,absent
Isy1,Paramecium_sonneborni,absent,,,,,False,RBH,absent
Bud31,Paramecium_sonneborni,present,CAD8077773.1,1.64e-55,56.7,1.0,True,RBH,present
Cwc2,Paramecium_sonneborni,absent,,,,,False,RBH,absent
Cwc15,Paramecium_sonneborni,absent,,,,,False,RBH,absent
Ecm2,Paramecium_sonneborni,absent,,,,,False,RBH,absent
Prp45,Paramecium_sonneborni,absent,,,,,False,RBH,absent
Prp46,Paramecium_sonneborni,present,CAD8080727.1,5.58e-36,58.9,0.749,True,RBH,present
Cwc21,Paramecium_sonneborni,absent,,,,,False,RBH,absent
Cwc22,Paramecium_sonneborni,present,CAD8068851.1,1.32e-48,27.2,0.842,True,RBH,present
Cwc23,Paramecium_sonneborni,absent,,,,,False,RBH,absent
Cwc24,Paramecium_sonneborni,absent,,,,,False,RBH,absent
Cwc27,Paramecium_sonneborni,absent,,,,,False,RBH,absent
Prp2,Paramecium_sonneborni,weak_hit,CAD8112237.1,1.76e-197,49.6,0.741,False,RBH,weak_hit
Spp2,Paramecium_sonneborni,absent,,,,,False,RBH,absent
Yju2,Paramecium_sonneborni,absent,,,,,False,RBH,absent
Prp17,Paramecium_sonneborni,absent,,,,,False,RBH,absent
Prp22,Paramecium_sonneborni,present,CAD8089393.1,7.07e-252,58.9,0.54,True,RBH,present
Prp18,Paramecium_sonneborni,absent,,,,,False,RBH,absent
Slu7,Paramecium_sonneborni,absent,,,,,False,RBH,absent
Prp6,Paramecium_sonneborni,absent,,,,,False,RBH,absent
Snu66,Paramecium_sonneborni,absent,,,,,False,RBH,absent
Snu23,Paramecium_sonneborni,absent,,,,,False,RBH,absent
Prp43,Paramecium_sonneborni,present,CAD8093029.1,7.56e-285,60.4,0.887,True,RBH,present
Ntr1,Paramecium_sonneborni,absent,,,,,False,RBH,absent
Ntr2,Paramecium_sonneborni,absent,,,,,False,RBH,absent
Prp5,Paramecium_sonneborni,weak_hit,CAD8048438.1,2.4e-96,42.1,0.506,False,RBH,weak_hit
Sub2,Paramecium_sonneborni,present,CAD8054315.1,9.12e-89,40.4,0.899,True,RBH,present
Prp28,Paramecium_sonneborni,present,CAD8100498.1,1.47e-97,39.1,0.84,True,RBH,present
Prp40,Paramecium_sonneborni,absent,,,,,False,RBH,absent
Mud2,Paramecium_sonneborni,absent,,,,,False,RBH,absent
Msl5,Paramecium_sonneborni,present,CAD8063535.1,3.2e-10,32.2,0.254,True,RBH,present
Cus2,Paramecium_sonneborni,absent,,,,,False,RBH,absent
Srp1,Paramecium_sonneborni,absent,,,,,False,RBH,absent
Npl3,Paramecium_sonneborni,absent,,,,,False,RBH,absent
Gbp2,Paramecium_sonneborni,absent,,,,,False,RBH,absent
Hrb1,Paramecium_sonneborni,absent,,,,,False,RBH,absent
Hrp1,Paramecium_sonneborni,present,CAD8123951.1,1.15e-09,31.4,0.191,True,RBH,present
Sky1,Paramecium_sonneborni,present,CAD8101659.1,6.67e-85,33.1,0.83,True,RBH,present
Cwc25,Paramecium_sonneborni,absent,,,,,False,RBH,absent
DBR1,Paramecium_sonneborni,absent,,,,,False,RBH,absent
Mud1,Paramecium_tetraurelia,absent,,,,,False,RBH,absent
Snp1,Paramecium_tetraurelia,present,CAK91956.1,8.97e-08,49.2,0.197,True,RBH,present
Yhc1,Paramecium_tetraurelia,absent,,,,,False,RBH,absent
Prp39,Paramecium_tetraurelia,absent,,,,,False,RBH,absent
Prp42,Paramecium_tetraurelia,absent,,,,,False,RBH,absent
Nam8,Paramecium_tetraurelia,absent,,,,,False,RBH,absent
Snu56,Paramecium_tetraurelia,absent,,,,,False,RBH,absent
Luc7,Paramecium_tetraurelia,absent,,,,,False,RBH,absent
Snu71,Paramecium_tetraurelia,absent,,,,,False,RBH,absent
SmB,Paramecium_tetraurelia,present,CAK64538.1,6.11e-13,33.3,0.49,True,RBH,present
SmD3,Paramecium_tetraurelia,present,CAK66423.1,1.93e-23,46.3,0.812,True,RBH,present
SmD1,Paramecium_tetraurelia,absent,,,,,False,RBH,absent
SmD2,Paramecium_tetraurelia,present,CAK86268.1,3e-26,55.8,0.782,True,RBH,present
SmE,Paramecium_tetraurelia,present,CAK64662.1,1.68e-17,40.2,0.926,True,RBH,present
SmF,Paramecium_tetraurelia,absent,,,,,False,RBH,absent
SmG,Paramecium_tetraurelia,absent,,,,,False,RBH,absent
Msl1,Paramecium_tetraurelia,absent,,,,,False,RBH,absent
Lea1,Paramecium_tetraurelia,absent,,,,,False,RBH,absent
Hsh155,Paramecium_tetraurelia,present,CAK93788.1,3.39e-172,46.0,0.598,True,RBH,present
Rse1,Paramecium_tetraurelia,absent,,,,,False,RBH,absent
Cus1,Paramecium_tetraurelia,absent,,,,,False,RBH,absent
Hsh49,Paramecium_tetraurelia,present,CAK64111.1,7.41e-36,36.6,0.962,True,RBH,present
Rds3,Paramecium_tetraurelia,present,CAK93746.1,1.51e-43,57.1,0.981,True,RBH,present
Ysf3,Paramecium_tetraurelia,absent,,,,,False,RBH,absent
Prp9,Paramecium_tetraurelia,absent,,,,,False,RBH,absent
Prp11,Paramecium_tetraurelia,absent,,,,,False,RBH,absent
pRP21,Paramecium_tetraurelia,absent,,,,,False,RBH,absent
LSm8,Paramecium_tetraurelia,absent,,,,,False,RBH,absent
LSm2,Paramecium_tetraurelia,absent,,,,,False,RBH,absent
LSm3,Paramecium_tetraurelia,absent,,,,,False,RBH,absent
LSm4,Paramecium_tetraurelia,absent,,,,,False,RBH,absent
LSm5,Paramecium_tetraurelia,weak_hit,CAK64662.1,6.15e-06,31.7,0.677,False,RBH,weak_hit
LSm6,Paramecium_tetraurelia,absent,,,,,False,RBH,absent
LSm7,Paramecium_tetraurelia,absent,,,,,False,RBH,absent
Prp8,Paramecium_tetraurelia,present,CAK66633.1,0.0,60.3,0.951,True,RBH,present
Brr2,Paramecium_tetraurelia,present,CAK60707.1,0.0,35.6,0.995,True,RBH,present
Snu114,Paramecium_tetraurelia,present,CAK62619.1,5.5e-155,33.3,0.994,True,RBH,present
Dib1,Paramecium_tetraurelia,present,CAK90634.1,3.9e-62,63.8,0.965,True,RBH,present
Snu13,Paramecium_tetraurelia,present,CAK56414.1,2.97e-45,54.8,1.0,True,RBH,present
Prp31,Paramecium_tetraurelia,present,CAK82027.1,1.42e-32,29.6,0.678,True,RBH,present
Prp3,Paramecium_tetraurelia,absent,,,,,False,RBH,absent
Prp4,Paramecium_tetraurelia,absent,,,,,False,RBH,absent
Snu17,Paramecium_tetraurelia,present,CAK94612.1,1.41e-29,57.3,0.649,True,RBH,present
Bud13,Paramecium_tetraurelia,absent,,,,,False,RBH,absent
Pml1,Paramecium_tetraurelia,absent,,,,,False,RBH,absent
Prp38,Paramecium_tetraurelia,absent,,,,,False,RBH,absent
Spp381,Paramecium_tetraurelia,absent,,,,,False,RBH,absent
Clf1,Paramecium_tetraurelia,absent,,,,,False,RBH,absent
Syf1,Paramecium_tetraurelia,absent,,,,,False,RBH,absent
Cef1,Paramecium_tetraurelia,present,CAK87238.1,1.64e-52,45.5,0.41,True,RBH,present
Prp19,Paramecium_tetraurelia,present,CAK87849.1,3.38e-22,24.7,0.845,True,RBH,present
Syf2,Paramecium_tetraurelia,absent,,,,,False,RBH,absent
Snt309,Paramecium_tetraurelia,absent,,,,,False,RBH,absent
Isy1,Paramecium_tetraurelia,absent,,,,,False,RBH,absent
Bud31,Paramecium_tetraurelia,present,CAK78012.1,3.88e-55,55.4,1.0,True,RBH,present
Cwc2,Paramecium_tetraurelia,absent,,,,,False,RBH,absent
Cwc15,Paramecium_tetraurelia,absent,,,,,False,RBH,absent
Ecm2,Paramecium_tetraurelia,absent,,,,,False,RBH,absent
Prp45,Paramecium_tetraurelia,absent,,,,,False,RBH,absent
Prp46,Paramecium_tetraurelia,present,CAK72897.1,5.77e-35,58.6,0.749,True,RBH,present
Cwc21,Paramecium_tetraurelia,absent,,,,,False,RBH,absent
Cwc22,Paramecium_tetraurelia,present,CAK73583.1,2.39e-48,27.0,0.842,True,RBH,present
Cwc23,Paramecium_tetraurelia,absent,,,,,False,RBH,absent
Cwc24,Paramecium_tetraurelia,absent,,,,,False,RBH,absent
Cwc27,Paramecium_tetraurelia,absent,,,,,False,RBH,absent
Prp2,Paramecium_tetraurelia,weak_hit,CAK63771.1,2.33e-192,48.5,0.749,False,RBH,weak_hit
Spp2,Paramecium_tetraurelia,absent,,,,,False,RBH,absent
Yju2,Paramecium_tetraurelia,absent,,,,,False,RBH,absent
Prp17,Paramecium_tetraurelia,absent,,,,,False,RBH,absent
Prp22,Paramecium_tetraurelia,present,CAK73773.1,1.62e-303,49.1,0.852,True,RBH,present
Prp18,Paramecium_tetraurelia,absent,,,,,False,RBH,absent
Slu7,Paramecium_tetraurelia,absent,,,,,False,RBH,absent
Prp6,Paramecium_tetraurelia,absent,,,,,False,RBH,absent
Snu66,Paramecium_tetraurelia,absent,,,,,False,RBH,absent
Snu23,Paramecium_tetraurelia,absent,,,,,False,RBH,absent
Prp43,Paramecium_tetraurelia,present,CAK89011.1,2.9e-283,58.3,0.919,True,RBH,present
Ntr1,Paramecium_tetraurelia,absent,,,,,False,RBH,absent
Ntr2,Paramecium_tetraurelia,absent,,,,,False,RBH,absent
Prp5,Paramecium_tetraurelia,weak_hit,CAK55914.1,3.99e-97,42.3,0.506,False,RBH,weak_hit
Sub2,Paramecium_tetraurelia,present,CAK78733.1,1.11e-87,39.7,0.899,True,RBH,present
Prp28,Paramecium_tetraurelia,present,CAK88654.1,5.36e-98,38.9,0.838,True,RBH,present
Prp40,Paramecium_tetraurelia,absent,,,,,False,RBH,absent
Mud2,Paramecium_tetraurelia,absent,,,,,False,RBH,absent
Msl5,Paramecium_tetraurelia,present,CAK73519.1,1.89e-09,31.4,0.254,True,RBH,present
Cus2,Paramecium_tetraurelia,absent,,,,,False,RBH,absent
Srp1,Paramecium_tetraurelia,absent,,,,,False,RBH,absent
Npl3,Paramecium_tetraurelia,absent,,,,,False,RBH,absent
Gbp2,Paramecium_tetraurelia,absent,,,,,False,RBH,absent
Hrb1,Paramecium_tetraurelia,absent,,,,,False,RBH,absent
Hrp1,Paramecium_tetraurelia,present,CAK71783.1,9.84e-10,31.4,0.191,True,RBH,present
Sky1,Paramecium_tetraurelia,present,CAK84430.1,1.35e-88,34.2,0.803,True,RBH,present
Cwc25,Paramecium_tetraurelia,absent,,,,,False,RBH,absent
DBR1,Paramecium_tetraurelia,absent,,,,,False,RBH,absent
Mud1,Blepharisma_stoltei,absent,,,,,False,RBH,absent
Snp1,Blepharisma_stoltei,absent,,,,,False,RBH,absent
Yhc1,Blepharisma_stoltei,absent,,,,,False,RBH,absent
Prp39,Blepharisma_stoltei,absent,,,,,False,RBH,absent
Prp42,Blepharisma_stoltei,absent,,,,,False,RBH,absent
Nam8,Blepharisma_stoltei,weak_hit,BSTOLATCC_MAC10348,1.13e-06,35.6,0.14,False,RBH,weak_hit
Snu56,Blepharisma_stoltei,absent,,,,,False,RBH,absent
Luc7,Blepharisma_stoltei,absent,,,,,False,RBH,absent
Snu71,Blepharisma_stoltei,absent,,,,,False,RBH,absent
SmB,Blepharisma_stoltei,present,BSTOLATCC_MAC6359,2.68e-11,35.4,0.49,True,RBH,present
SmD3,Blepharisma_stoltei,present,BSTOLATCC_MAC2146,1.46e-28,50.0,0.812,True,RBH,present
SmD1,Blepharisma_stoltei,absent,,,,,False,RBH,absent
SmD2,Blepharisma_stoltei,present,BSTOLATCC_MAC12448,9.28e-32,54.6,0.982,True,RBH,present
SmE,Blepharisma_stoltei,present,BSTOLATCC_MAC23422,1.31e-22,44.7,0.904,True,RBH,present
SmF,Blepharisma_stoltei,absent,,,,,False,RBH,absent
SmG,Blepharisma_stoltei,absent,,,,,False,RBH,absent
Msl1,Blepharisma_stoltei,absent,,,,,False,RBH,absent
Lea1,Blepharisma_stoltei,absent,,,,,False,RBH,absent
Hsh155,Blepharisma_stoltei,present,BSTOLATCC_MAC16112,3.95e-271,51.1,0.869,True,RBH,present
Rse1,Blepharisma_stoltei,present,BSTOLATCC_MAC15899,9.56e-29,24.2,0.279,True,RBH,present
Cus1,Blepharisma_stoltei,absent,,,,,False,RBH,absent
Hsh49,Blepharisma_stoltei,absent,,,,,False,RBH,absent
Rds3,Blepharisma_stoltei,present,BSTOLATCC_MAC21994,3.83e-43,55.2,0.981,True,RBH,present
Ysf3,Blepharisma_stoltei,absent,,,,,False,RBH,absent
Prp9,Blepharisma_stoltei,present,BSTOLATCC_MAC12091,9.28e-35,30.7,0.732,True,RBH,present
Prp11,Blepharisma_stoltei,absent,,,,,False,RBH,absent
pRP21,Blepharisma_stoltei,absent,,,,,False,RBH,absent
LSm8,Blepharisma_stoltei,absent,,,,,False,RBH,absent
LSm2,Blepharisma_stoltei,absent,,,,,False,RBH,absent
LSm3,Blepharisma_stoltei,absent,,,,,False,RBH,absent
LSm4,Blepharisma_stoltei,absent,,,,,False,RBH,absent
LSm5,Blepharisma_stoltei,weak_hit,BSTOLATCC_MAC23422,3.52e-06,29.4,0.731,False,RBH,weak_hit
LSm6,Blepharisma_stoltei,absent,,,,,False,RBH,absent
LSm7,Blepharisma_stoltei,present,BSTOLATCC_MAC7720,1.51e-08,40.3,0.626,True,RBH,present
Prp8,Blepharisma_stoltei,present,BSTOLATCC_MAC9314,0.0,60.8,0.956,True,RBH,present
Brr2,Blepharisma_stoltei,present,BSTOLATCC_MAC4061,0.0,38.8,0.868,True,RBH,present
Snu114,Blepharisma_stoltei,present,BSTOLATCC_MAC1189,4.42e-143,33.3,0.998,True,RBH,present
Dib1,Blepharisma_stoltei,present,BSTOLATCC_MAC7530,1.81e-57,60.1,0.965,True,RBH,present
Snu13,Blepharisma_stoltei,present,BSTOLATCC_MAC498,9.74e-52,63.5,1.0,True,RBH,present
Prp31,Blepharisma_stoltei,absent,,,,,False,RBH,absent
Prp3,Blepharisma_stoltei,absent,,,,,False,RBH,absent
Prp4,Blepharisma_stoltei,absent,,,,,False,RBH,absent
Snu17,Blepharisma_stoltei,present,BSTOLATCC_MAC8591,6.62e-34,54.4,0.696,True,RBH,present
Bud13,Blepharisma_stoltei,absent,,,,,False,RBH,absent
Pml1,Blepharisma_stoltei,absent,,,,,False,RBH,absent
Prp38,Blepharisma_stoltei,absent,,,,,False,RBH,absent
Spp381,Blepharisma_stoltei,absent,,,,,False,RBH,absent
Clf1,Blepharisma_stoltei,absent,,,,,False,RBH,absent
Syf1,Blepharisma_stoltei,absent,,,,,False,RBH,absent
Cef1,Blepharisma_stoltei,present,BSTOLATCC_MAC25146,1.52e-56,48.2,0.38,True,RBH,present
Prp19,Blepharisma_stoltei,absent,,,,,False,RBH,absent
Syf2,Blepharisma_stoltei,absent,,,,,False,RBH,absent
Snt309,Blepharisma_stoltei,absent,,,,,False,RBH,absent
Isy1,Blepharisma_stoltei,absent,,,,,False,RBH,absent
Bud31,Blepharisma_stoltei,present,BSTOLATCC_MAC23340,3.06e-51,49.7,1.0,True,RBH,present
Cwc2,Blepharisma_stoltei,absent,,,,,False,RBH,absent
Cwc15,Blepharisma_stoltei,absent,,,,,False,RBH,absent
Ecm2,Blepharisma_stoltei,absent,,,,,False,RBH,absent
Prp45,Blepharisma_stoltei,absent,,,,,False,RBH,absent
Prp46,Blepharisma_stoltei,present,BSTOLATCC_MAC3911,7.3e-35,53.3,0.798,True,RBH,present
Cwc21,Blepharisma_stoltei,absent,,,,,False,RBH,absent
Cwc22,Blepharisma_stoltei,absent,,,,,False,RBH,absent
Cwc23,Blepharisma_stoltei,absent,,,,,False,RBH,absent
Cwc24,Blepharisma_stoltei,absent,,,,,False,RBH,absent
Cwc27,Blepharisma_stoltei,absent,,,,,False,RBH,absent
Prp2,Blepharisma_stoltei,weak_hit,BSTOLATCC_MAC13159,2.76e-191,48.9,0.756,False,RBH,weak_hit
Spp2,Blepharisma_stoltei,absent,,,,,False,RBH,absent
Yju2,Blepharisma_stoltei,absent,,,,,False,RBH,absent
Prp17,Blepharisma_stoltei,absent,,,,,False,RBH,absent
Prp22,Blepharisma_stoltei,present,BSTOLATCC_MAC17942,1.74e-284,47.0,0.838,True,RBH,present
Prp18,Blepharisma_stoltei,absent,,,,,False,RBH,absent
Slu7,Blepharisma_stoltei,absent,,,,,False,RBH,absent
Prp6,Blepharisma_stoltei,absent,,,,,False,RBH,absent
Snu66,Blepharisma_stoltei,absent,,,,,False,RBH,absent
Snu23,Blepharisma_stoltei,absent,,,,,False,RBH,absent
Prp43,Blepharisma_stoltei,present,BSTOLATCC_MAC23669,8.48e-265,57.5,0.889,True,RBH,present
Ntr1,Blepharisma_stoltei,absent,,,,,False,RBH,absent
Ntr2,Blepharisma_stoltei,absent,,,,,False,RBH,absent
Prp5,Blepharisma_stoltei,weak_hit,BSTOLATCC_MAC8031,1.39e-99,37.6,0.58,False,RBH,weak_hit
Sub2,Blepharisma_stoltei,present,BSTOLATCC_MAC22542,3.89e-166,58.8,0.908,True,RBH,present
Prp28,Blepharisma_stoltei,present,BSTOLATCC_MAC19520,1.86e-79,35.9,0.804,True,RBH,present
Prp40,Blepharisma_stoltei,absent,,,,,False,RBH,absent
Mud2,Blepharisma_stoltei,absent,,,,,False,RBH,absent
Msl5,Blepharisma_stoltei,absent,,,,,False,RBH,absent
Cus2,Blepharisma_stoltei,absent,,,,,False,RBH,absent
Srp1,Blepharisma_stoltei,present,BSTOLATCC_MAC9713,6.6e-26,40.4,0.306,True,RBH,present
Npl3,Blepharisma_stoltei,absent,,,,,False,RBH,absent
Gbp2,Blepharisma_stoltei,absent,,,,,False,RBH,absent
Hrb1,Blepharisma_stoltei,present,BSTOLATCC_MAC7757,1.91e-08,39.7,0.161,True,RBH,present
Hrp1,Blepharisma_stoltei,present,BSTOLATCC_MAC1534,7.5e-11,39.0,0.11,True,RBH,present
Sky1,Blepharisma_stoltei,present,BSTOLATCC_MAC19695,2.08e-97,34.8,0.837,True,RBH,present
Cwc25,Blepharisma_stoltei,absent,,,,,False,RBH,absent
DBR1,Blepharisma_stoltei,absent,,,,,False,RBH,absent
Mud1,Stentor_coeruleus,absent,,,,,False,RBH,absent
Snp1,Stentor_coeruleus,present,OMJ70666.1,6.43e-22,32.5,0.677,True,RBH,present
Yhc1,Stentor_coeruleus,absent,,,,,False,RBH,absent
Prp39,Stentor_coeruleus,absent,,,,,False,RBH,absent
Prp42,Stentor_coeruleus,absent,,,,,False,RBH,absent
Nam8,Stentor_coeruleus,absent,,,,,False,RBH,absent
Snu56,Stentor_coeruleus,absent,,,,,False,RBH,absent
Luc7,Stentor_coeruleus,absent,,,,,False,RBH,absent
Snu71,Stentor_coeruleus,absent,,,,,False,RBH,absent
SmB,Stentor_coeruleus,present,OMJ80606.1,1.48e-12,35.4,0.49,True,RBH,present
SmD3,Stentor_coeruleus,present,OMJ79831.1,4.27e-29,50.0,0.812,True,RBH,present
SmD1,Stentor_coeruleus,absent,,,,,False,RBH,absent
SmD2,Stentor_coeruleus,present,OMJ84976.1,1.14e-28,59.3,0.782,True,RBH,present
SmE,Stentor_coeruleus,present,OMJ89702.1,3.98e-20,40.9,0.936,True,RBH,present
SmF,Stentor_coeruleus,absent,,,,,False,RBH,absent
SmG,Stentor_coeruleus,present,OMJ87882.1,6.74e-15,43.8,0.948,True,RBH,present
Msl1,Stentor_coeruleus,absent,,,,,False,RBH,absent
Lea1,Stentor_coeruleus,absent,,,,,False,RBH,absent
Hsh155,Stentor_coeruleus,present,OMJ68425.1,3.55e-268,52.6,0.863,True,RBH,present
Rse1,Stentor_coeruleus,absent,,,,,False,RBH,absent
Cus1,Stentor_coeruleus,absent,,,,,False,RBH,absent
Hsh49,Stentor_coeruleus,absent,,,,,False,RBH,absent
Rds3,Stentor_coeruleus,present,OMJ89703.1,6.45e-43,53.3,0.981,True,RBH,present
Ysf3,Stentor_coeruleus,absent,,,,,False,RBH,absent
Prp9,Stentor_coeruleus,present,OMJ96095.1,1.07e-34,28.5,0.736,True,RBH,present
Prp11,Stentor_coeruleus,absent,,,,,False,RBH,absent
pRP21,Stentor_coeruleus,absent,,,,,False,RBH,absent
LSm8,Stentor_coeruleus,absent,,,,,False,RBH,absent
LSm2,Stentor_coeruleus,absent,,,,,False,RBH,absent
LSm3,Stentor_coeruleus,absent,,,,,False,RBH,absent
LSm4,Stentor_coeruleus,absent,,,,,False,RBH,absent
LSm5,Stentor_coeruleus,weak_hit,OMJ89702.1,8.03e-06,36.9,0.699,False,RBH,weak_hit
LSm6,Stentor_coeruleus,absent,,,,,False,RBH,absent
LSm7,Stentor_coeruleus,absent,,,,,False,RBH,absent
Prp8,Stentor_coeruleus,absent,,,,,False,RBH,absent
Brr2,Stentor_coeruleus,present,OMJ93829.1,0.0,37.4,0.858,True,RBH,present
Snu114,Stentor_coeruleus,weak_hit,OMJ74595.1,7.38e-49,26.7,0.646,False,RBH,weak_hit
Dib1,Stentor_coeruleus,present,OMJ67094.1,1.58e-59,61.6,0.965,True,RBH,present
Snu13,Stentor_coeruleus,present,OMJ79450.1,9.44e-51,61.9,1.0,True,RBH,present
Prp31,Stentor_coeruleus,absent,,,,,False,RBH,absent
Prp3,Stentor_coeruleus,absent,,,,,False,RBH,absent
Prp4,Stentor_coeruleus,absent,,,,,False,RBH,absent
Snu17,Stentor_coeruleus,absent,,,,,False,RBH,absent
Bud13,Stentor_coeruleus,absent,,,,,False,RBH,absent
Pml1,Stentor_coeruleus,absent,,,,,False,RBH,absent
Prp38,Stentor_coeruleus,absent,,,,,False,RBH,absent
Spp381,Stentor_coeruleus,absent,,,,,False,RBH,absent
Clf1,Stentor_coeruleus,absent,,,,,False,RBH,absent
Syf1,Stentor_coeruleus,present,OMJ71034.1,5.88e-32,23.4,0.583,True,RBH,present
Cef1,Stentor_coeruleus,present,OMJ92975.1,2e-55,48.0,0.378,True,RBH,present
Prp19,Stentor_coeruleus,absent,,,,,False,RBH,absent
Syf2,Stentor_coeruleus,absent,,,,,False,RBH,absent
Snt309,Stentor_coeruleus,absent,,,,,False,RBH,absent
Isy1,Stentor_coeruleus,absent,,,,,False,RBH,absent
Bud31,Stentor_coeruleus,present,OMJ75480.1,1.3e-46,47.1,1.0,True,RBH,present
Cwc2,Stentor_coeruleus,absent,,,,,False,RBH,absent
Cwc15,Stentor_coeruleus,absent,,,,,False,RBH,absent
Ecm2,Stentor_coeruleus,absent,,,,,False,RBH,absent
Prp45,Stentor_coeruleus,absent,,,,,False,RBH,absent
Prp46,Stentor_coeruleus,present,OMJ70863.1,2.07e-40,64.2,0.736,True,RBH,present
Cwc21,Stentor_coeruleus,absent,,,,,False,RBH,absent
Cwc22,Stentor_coeruleus,absent,,,,,False,RBH,absent
Cwc23,Stentor_coeruleus,absent,,,,,False,RBH,absent
Cwc24,Stentor_coeruleus,absent,,,,,False,RBH,absent
Cwc27,Stentor_coeruleus,absent,,,,,False,RBH,absent
Prp2,Stentor_coeruleus,weak_hit,OMJ77262.1,1.52e-202,50.2,0.761,False,RBH,weak_hit
Spp2,Stentor_coeruleus,absent,,,,,False,RBH,absent
Yju2,Stentor_coeruleus,absent,,,,,False,RBH,absent
Prp17,Stentor_coeruleus,absent,,,,,False,RBH,absent
Prp22,Stentor_coeruleus,present,OMJ81156.1,1.04e-273,50.5,0.741,True,RBH,present
Prp18,Stentor_coeruleus,absent,,,,,False,RBH,absent
Slu7,Stentor_coeruleus,absent,,,,,False,RBH,absent
Prp6,Stentor_coeruleus,absent,,,,,False,RBH,absent
Snu66,Stentor_coeruleus,absent,,,,,False,RBH,absent
Snu23,Stentor_coeruleus,absent,,,,,False,RBH,absent
Prp43,Stentor_coeruleus,present,OMJ88889.1,7.73e-258,57.4,0.879,True,RBH,present
Ntr1,Stentor_coeruleus,absent,,,,,False,RBH,absent
Ntr2,Stentor_coeruleus,absent,,,,,False,RBH,absent
Prp5,Stentor_coeruleus,weak_hit,OMJ88772.1,1.27e-101,39.5,0.564,False,RBH,weak_hit
Sub2,Stentor_coeruleus,present,OMJ72279.1,1.26e-167,59.4,0.906,True,RBH,present
Prp28,Stentor_coeruleus,weak_hit,OMJ87031.1,4.81e-68,38.9,0.626,False,RBH,weak_hit
Prp40,Stentor_coeruleus,absent,,,,,False,RBH,absent
Mud2,Stentor_coeruleus,absent,,,,,False,RBH,absent
Msl5,Stentor_coeruleus,absent,,,,,False,RBH,absent
Cus2,Stentor_coeruleus,absent,,,,,False,RBH,absent
Srp1,Stentor_coeruleus,present,OMJ83499.1,3.6e-22,34.7,0.308,True,RBH,present
Npl3,Stentor_coeruleus,absent,,,,,False,RBH,absent
Gbp2,Stentor_coeruleus,absent,,,,,False,RBH,absent
Hrb1,Stentor_coeruleus,absent,,,,,False,RBH,absent
Hrp1,Stentor_coeruleus,present,OMJ86013.1,2.17e-12,38.3,0.152,True,RBH,present
Sky1,Stentor_coeruleus,present,OMJ91376.1,4.46e-95,32.9,0.864,True,RBH,present
Cwc25,Stentor_coeruleus,absent,,,,,False,RBH,absent
DBR1,Stentor_coeruleus,absent,,,,,False,RBH,absent
Snu114,Pseudocohnilembus_persalinus,present,KRX02179.1,9.30e-168,34.3,,False,one_way_top5,present
Prp2,Pseudocohnilembus_persalinus,present,KRX01873.1,3.86e-185,46.0,,False,one_way_top5,present
Prp5,Pseudocohnilembus_persalinus,present,KRX01164.1,5.75e-75,35.3,,False,one_way_top5,present
Sub2,Pseudocohnilembus_persalinus,present,KRX05373.1,8.87e-71,35.5,,False,one_way_top5,present
Prp28,Pseudocohnilembus_persalinus,present,KRX07065.1,7.29e-63,35.6,,False,one_way_top5,present
Snu114,Moneuplotes_crassus,present,CAI2379957.1,1.56e-143,33.2,,False,one_way_top5,present
Prp2,Moneuplotes_crassus,present,CAI2379392.1,2.67e-201,49.3,,False,one_way_top5,present
Prp5,Moneuplotes_crassus,present,CAI2375483.1,4.53e-96,38.3,,False,one_way_top5,present
Prp2,Tetrahymena_utriculariae,present,EIA_02039.1|CM126945.1|-|799|9.282e-234|13|940459|942842|942842[942842]:942741[942741]:102[102]|942704[942704]:942492[942492]:213[213]|942395[942395]:942261[942261]:135[135]|942113[942113]:942072[942072]:42[42]|941980[941980]:941870[941870]:111[111]|941729[941729]:941598[941598]:132[132]|941465[941465]:941430[941430]:36[36]|941360[941360]:941310[941310]:51[51]|941262[941259]:941059[941059]:204[201]|941010[941010]:940873[940873]:138[138]|940809[940809]:940765[940765]:45[45]|940734[940734]:940630[940630]:105[105]|940587[940575]:940459[940459]:129[117],3.31e-50,37.5,,False,one_way_top5,present
Prp22,Tetrahymena_utriculariae,present,EIA_22567.1|CM126962.1|+|881|1.92e-258|9|967|3684|967[967]:1071[1071]:105[105]|1147[1147]:1215[1215]:69[69]|1455[1455]:1529[1529]:75[75]|1597[1597]:1860[1860]:264[264]|1984[1984]:2043[2043]:60[60]|2357[2357]:2416[2416]:60[60]|2561[2561]:2914[2914]:354[354]|3139[3139]:3402[3402]:264[264]|3421[3421]:3684[3684]:264[264],4.32e-118,38.3,,False,one_way_top5,present
Prp28,Tetrahymena_utriculariae,present,EIA_05127.1|CM126890.1|-|615|2.276e-178|11|976676|979131|979131[979131]:979081[979081]:51[51]|979025[978998]:978840[978840]:186[159]|978806[978806]:978519[978519]:288[288]|978470[978470]:978423[978423]:48[48]|978341[978341]:978273[978273]:69[69]|977978[977978]:977556[977556]:423[423]|977331[977331]:977275[977275]:57[57]|977253[977253]:977146[977146]:108[108]|977103[977103]:977068[977068]:36[36]|976942[976942]:976823[976823]:120[120]|976735[976735]:976676[976676]:60[60],6.75e-17,37.1,,False,one_way_top5,present
Prp2,Tetrahymena_malaccensis,present,EIA_12409.1,1.28e-195,47.4,,False,one_way_top5,present
Prp2,Tetrahymena_thermophila,present,TTHERM_00441760|DRH21,5.17e-196,47.7,,False,one_way_top5,present
Prp5,Tetrahymena_thermophila,present,TTHERM_00295100|DRH4,9.89e-77,37.0,,False,one_way_top5,present
LSm7,Oxytricha_trifallax,present,g40510\tSmall,1.86e-08,40.3,,False,one_way_top5,present
Snu114,Oxytricha_trifallax,present,g3292\tTranslation,1.23e-155,33.3,,False,one_way_top5,present
Prp2,Oxytricha_trifallax,present,g48029\tPre-mRNA-splicing,7.21e-209,50.1,,False,one_way_top5,present
Prp28,Oxytricha_trifallax,present,g27049\tp-loop,1.59e-43,32.6,,False,one_way_top5,present
Brr2,Ichthyophthirius_multifiliis,present,XP_004036855.1,5.72e-267,31.9,,False,one_way_top5,present
Prp2,Ichthyophthirius_multifiliis,present,XP_004035030.1,3.68e-184,48.4,,False,one_way_top5,present
Prp43,Ichthyophthirius_multifiliis,present,XP_004031369.1,1.90e-220,51.2,,False,one_way_top5,present
Prp5,Ichthyophthirius_multifiliis,present,XP_004023881.1,1.96e-67,35.6,,False,one_way_top5,present
Prp28,Ichthyophthirius_multifiliis,present,XP_004032460.1,1.00e-68,35.1,,False,one_way_top5,present
Snu114,Stylonychia_lemnae,present,Contig11021.g11776\t116,1.80e-146,33.2,,False,one_way_top5,present
Prp2,Stylonychia_lemnae,present,Contig18551.g19709\tpre-mrna-splicing,1.99e-205,50.0,,False,one_way_top5,present
Prp5,Stylonychia_lemnae,present,Contig3696.g3944\tprobable,4.18e-104,38.8,,False,one_way_top5,present
Prp28,Stylonychia_lemnae,present,Contig17699.g18813\tatp-dependent,2.42e-44,32.6,,False,one_way_top5,present
LSm5,Paramecium_octaurelia,present,CAD8212753.1,6.48e-06,31.7,,False,one_way_top5,present
Prp2,Paramecium_octaurelia,present,CAD8207194.1,1.94e-188,49.0,,False,one_way_top5,present
Prp5,Paramecium_octaurelia,present,CAD8149299.1,5.64e-69,37.8,,False,one_way_top5,present
LSm5,Paramecium_pentaurelia,present,CAD8165090.1,6.71e-06,31.7,,False,one_way_top5,present
Prp2,Paramecium_pentaurelia,present,CAD8207986.1,3.43e-195,49.0,,False,one_way_top5,present
Prp5,Paramecium_pentaurelia,present,CAD8136554.1,4.47e-97,42.3,,False,one_way_top5,present
LSm5,Paramecium_primaurelia,present,CAD8072625.1,6.07e-06,31.7,,False,one_way_top5,present
Prp2,Paramecium_primaurelia,present,CAD8109636.1,3.20e-195,48.8,,False,one_way_top5,present
Prp5,Paramecium_primaurelia,present,CAD8043561.1,4.04e-97,42.3,,False,one_way_top5,present
LSm5,Paramecium_sonneborni,present,CAD8122877.1,7.44e-06,31.7,,False,one_way_top5,present
Prp2,Paramecium_sonneborni,present,CAD8112237.1,1.76e-197,49.6,,False,one_way_top5,present
Prp5,Paramecium_sonneborni,present,CAD8048438.1,2.40e-96,42.1,,False,one_way_top5,present
LSm5,Paramecium_tetraurelia,present,CAK64662.1,6.15e-06,31.7,,False,one_way_top5,present
Prp2,Paramecium_tetraurelia,present,CAK63771.1,2.33e-192,48.5,,False,one_way_top5,present
Prp5,Paramecium_tetraurelia,present,CAK55914.1,3.99e-97,42.3,,False,one_way_top5,present
Nam8,Blepharisma_stoltei,present,BSTOLATCC_MAC10348,1.13e-06,35.6,,False,one_way_top5,present
LSm5,Blepharisma_stoltei,present,BSTOLATCC_MAC23422,3.52e-06,29.4,,False,one_way_top5,present
Prp2,Blepharisma_stoltei,present,BSTOLATCC_MAC13159,2.76e-191,48.9,,False,one_way_top5,present
Prp5,Blepharisma_stoltei,present,BSTOLATCC_MAC8031,1.39e-99,37.6,,False,one_way_top5,present
LSm5,Stentor_coeruleus,present,OMJ89702.1,8.03e-06,36.9,,False,one_way_top5,present
Snu114,Stentor_coeruleus,present,OMJ74595.1,7.38e-49,26.7,,False,one_way_top5,present
Prp2,Stentor_coeruleus,present,OMJ77262.1,1.52e-202,50.2,,False,one_way_top5,present
Prp5,Stentor_coeruleus,present,OMJ88772.1,1.27e-101,39.5,,False,one_way_top5,present
Prp28,Stentor_coeruleus,present,OMJ87031.1,4.81e-68,38.9,,False,one_way_top5,present
Mud1,Pseudocohnilembus_persalinus,divergent_homolog,KRX04069.1,2.75e-02,35.1,,False,domain_rescue,shared_pfam=PF00076
Snp1,Pseudocohnilembus_persalinus,divergent_homolog,KRX09392.1,5.67e-24,43.5,,False,domain_rescue,"shared_pfam=PF00076,PF12220"
Yhc1,Pseudocohnilembus_persalinus,divergent_homolog,KRX09087.1,3.03e-04,46.2,,False,domain_rescue,shared_pfam=PF06220
Prp39,Pseudocohnilembus_persalinus,divergent_homolog,KRX02032.1,3.36e-07,21.6,,False,domain_rescue,"shared_pfam=PF23240,PF23241"
Prp42,Pseudocohnilembus_persalinus,divergent_homolog,KRX02032.1,6.87e-05,23.3,,False,domain_rescue,"shared_pfam=PF23240,PF23241"
Nam8,Pseudocohnilembus_persalinus,divergent_homolog,KRX01564.1,1.13e-19,35.4,,False,domain_rescue,shared_pfam=PF00076
Luc7,Pseudocohnilembus_persalinus,divergent_homolog,KRX07293.1,2.89e-07,25.4,,False,domain_rescue,shared_pfam=PF03194
SmE,Pseudocohnilembus_persalinus,divergent_homolog,KRW98267.1,2.37e-01,25.4,,False,domain_rescue,shared_pfam=PF01423
SmG,Pseudocohnilembus_persalinus,divergent_homolog,KRW98175.1,1.13e-07,34.2,,False,domain_rescue,shared_pfam=PF01423
Msl1,Pseudocohnilembus_persalinus,divergent_homolog,KRX04007.1,3.16e-13,39.1,,False,domain_rescue,shared_pfam=PF13893
Lea1,Pseudocohnilembus_persalinus,divergent_homolog,KRX04276.1,1.15e-11,32.1,,False,domain_rescue,shared_pfam=PF14580
Cus1,Pseudocohnilembus_persalinus,divergent_homolog,KRX05928.1,1.14e-32,37.6,,False,domain_rescue,"shared_pfam=PF04037,PF04046"
Hsh49,Pseudocohnilembus_persalinus,divergent_homolog,KRX01513.1,1.32e-31,35.6,,False,domain_rescue,shared_pfam=PF00076
Ysf3,Pseudocohnilembus_persalinus,divergent_homolog,KRX01548.1,1.78e-04,30.5,,False,domain_rescue,shared_pfam=PF07189
Prp9,Pseudocohnilembus_persalinus,divergent_homolog,KRX07696.1,8.38e-27,58.5,,False,domain_rescue,shared_pfam=PF11931
Prp11,Pseudocohnilembus_persalinus,divergent_homolog,KRX02466.1,6.50e-14,25.8,,False,domain_rescue,"shared_pfam=PF12874,PF16835"
pRP21,Pseudocohnilembus_persalinus,divergent_homolog,KRX07549.1,4.94e-04,21.9,,False,domain_rescue,"shared_pfam=PF01805,PF12230"
LSm8,Pseudocohnilembus_persalinus,divergent_homolog,KRW98787.1,7.07e-05,26.4,,False,domain_rescue,shared_pfam=PF01423
LSm2,Pseudocohnilembus_persalinus,divergent_homolog,KRX04314.1,6.30e-07,32.5,,False,domain_rescue,shared_pfam=PF01423
LSm3,Pseudocohnilembus_persalinus,divergent_homolog,KRX07391.1,7.29e-06,31.8,,False,domain_rescue,shared_pfam=PF01423
LSm4,Pseudocohnilembus_persalinus,divergent_homolog,KRX04314.1,4.60e-03,31.2,,False,domain_rescue,shared_pfam=PF01423
LSm5,Pseudocohnilembus_persalinus,divergent_homolog,KRW98175.1,1.27e-03,30.4,,False,domain_rescue,shared_pfam=PF01423
LSm6,Pseudocohnilembus_persalinus,divergent_homolog,KRW98267.1,4.36e-03,32.8,,False,domain_rescue,shared_pfam=PF01423
LSm7,Pseudocohnilembus_persalinus,divergent_homolog,KRW98175.1,3.22e-15,37.5,,False,domain_rescue,shared_pfam=PF01423
Dib1,Pseudocohnilembus_persalinus,divergent_homolog,KRX00918.1,1.17e-57,58.7,,False,domain_rescue,shared_pfam=PF02966
Prp31,Pseudocohnilembus_persalinus,divergent_homolog,KRX06142.1,3.11e-29,26.8,,False,domain_rescue,"shared_pfam=PF01798,PF09785"
Prp3,Pseudocohnilembus_persalinus,divergent_homolog,KRX02842.1,2.83e-29,30.9,,False,domain_rescue,"shared_pfam=PF06544,PF08572"
Prp4,Pseudocohnilembus_persalinus,divergent_homolog,KRX01656.1,1.10e-21,28.8,,False,domain_rescue,shared_pfam=PF00400
Bud13,Pseudocohnilembus_persalinus,divergent_homolog,KRW99655.1,6.68e-06,56.1,,False,domain_rescue,shared_pfam=PF09736
Pml1,Pseudocohnilembus_persalinus,divergent_homolog,KRX01525.1,2.07e-16,31.0,,False,domain_rescue,shared_pfam=PF00498
Clf1,Pseudocohnilembus_persalinus,divergent_homolog,KRX02037.1,1.35e-49,29.6,,False,domain_rescue,"shared_pfam=PF23233,PF23240"
Syf1,Pseudocohnilembus_persalinus,divergent_homolog,KRX03383.1,7.34e-30,22.4,,False,domain_rescue,"shared_pfam=PF23220,PF23231,PF23233"
Prp19,Pseudocohnilembus_persalinus,divergent_homolog,KRX05253.1,8.62e-21,23.9,,False,domain_rescue,shared_pfam=PF08606
Isy1,Pseudocohnilembus_persalinus,divergent_homolog,KRW99043.1,1.03e-08,27.1,,False,domain_rescue,shared_pfam=PF06246
Cwc2,Pseudocohnilembus_persalinus,divergent_homolog,KRX11078.1,1.05e-26,33.6,,False,domain_rescue,"shared_pfam=PF00076,PF16131"
Ecm2,Pseudocohnilembus_persalinus,divergent_homolog,KRX00169.1,7.84e-15,37.8,,False,domain_rescue,shared_pfam=PF21369
Prp46,Pseudocohnilembus_persalinus,divergent_homolog,KRW98951.1,1.86e-31,63.7,,False,domain_rescue,"shared_pfam=PF00400,PF23098"
Cwc22,Pseudocohnilembus_persalinus,divergent_homolog,KRX04976.1,2.26e-48,27.6,,False,domain_rescue,shared_pfam=PF02847
Cwc23,Pseudocohnilembus_persalinus,divergent_homolog,KRX03710.1,8.79e-06,40.0,,False,domain_rescue,shared_pfam=PF00226
Cwc24,Pseudocohnilembus_persalinus,divergent_homolog,KRX05385.1,1.47e-30,37.3,,False,domain_rescue,"shared_pfam=PF00642,PF13923"
Cwc27,Pseudocohnilembus_persalinus,divergent_homolog,KRW98209.1,1.07e-13,28.6,,False,domain_rescue,shared_pfam=PF00160
Yju2,Pseudocohnilembus_persalinus,divergent_homolog,KRW99916.1,2.69e-21,42.1,,False,domain_rescue,shared_pfam=PF04502
Prp17,Pseudocohnilembus_persalinus,divergent_homolog,KRX07313.1,1.88e-73,36.7,,False,domain_rescue,shared_pfam=PF00400
Prp18,Pseudocohnilembus_persalinus,divergent_homolog,KRX09085.1,6.41e-13,32.7,,False,domain_rescue,shared_pfam=PF02840
Slu7,Pseudocohnilembus_persalinus,divergent_homolog,KRX08076.1,3.62e-07,25.5,,False,domain_rescue,"shared_pfam=PF11708,PF30379"
Prp6,Pseudocohnilembus_persalinus,divergent_homolog,KRX04348.1,2.47e-02,23.3,,False,domain_rescue,shared_pfam=PF29376
Snu23,Pseudocohnilembus_persalinus,divergent_homolog,KRX10350.1,5.55e-01,37.1,,False,domain_rescue,shared_pfam=PF12874
Ntr1,Pseudocohnilembus_persalinus,divergent_homolog,KRX04843.1,2.00e-02,41.7,,False,domain_rescue,shared_pfam=PF01585
Prp40,Pseudocohnilembus_persalinus,divergent_homolog,KRX05843.1,3.08e-08,22.3,,False,domain_rescue,"shared_pfam=PF00397,PF01846"
Mud2,Pseudocohnilembus_persalinus,divergent_homolog,KRX03447.1,2.46e-02,29.6,,False,domain_rescue,shared_pfam=PF29326
Msl5,Pseudocohnilembus_persalinus,divergent_homolog,KRX04301.1,7.84e-30,32.9,,False,domain_rescue,"shared_pfam=PF16275,PF22675"
Cus2,Pseudocohnilembus_persalinus,divergent_homolog,KRX03910.1,4.61e-19,32.0,,False,domain_rescue,shared_pfam=PF00076
Srp1,Pseudocohnilembus_persalinus,divergent_homolog,KRX01871.1,6.88e-26,36.9,,False,domain_rescue,"shared_pfam=PF00514,PF01749,PF16186"
Npl3,Pseudocohnilembus_persalinus,divergent_homolog,KRX02470.1,5.23e-05,33.3,,False,domain_rescue,shared_pfam=PF00076
Gbp2,Pseudocohnilembus_persalinus,divergent_homolog,KRX06119.1,2.04e-12,23.5,,False,domain_rescue,shared_pfam=PF00076
Hrb1,Pseudocohnilembus_persalinus,divergent_homolog,KRX08328.1,7.21e-11,22.9,,False,domain_rescue,shared_pfam=PF00076
Hrp1,Pseudocohnilembus_persalinus,divergent_homolog,KRX01513.1,9.37e-18,28.0,,False,domain_rescue,shared_pfam=PF00076
Mud1,Moneuplotes_crassus,divergent_homolog,CAI2363715.1,8.04e-02,28.2,,False,domain_rescue,shared_pfam=PF00076
Yhc1,Moneuplotes_crassus,divergent_homolog,CAI2380187.1,1.07e-04,42.1,,False,domain_rescue,shared_pfam=PF06220
Prp42,Moneuplotes_crassus,divergent_homolog,CAI2386696.1,8.17e-03,34.3,,False,domain_rescue,"shared_pfam=PF23240,PF23241"
Nam8,Moneuplotes_crassus,divergent_homolog,CAI2369742.1,1.15e-18,33.8,,False,domain_rescue,shared_pfam=PF00076
Luc7,Moneuplotes_crassus,divergent_homolog,CAI2369463.1,5.87e-18,30.6,,False,domain_rescue,shared_pfam=PF03194
SmB,Moneuplotes_crassus,divergent_homolog,CAI2380323.1,5.89e-11,35.4,,False,domain_rescue,shared_pfam=PF01423
SmD3,Moneuplotes_crassus,divergent_homolog,CAI2382686.1,2.63e-05,31.2,,False,domain_rescue,shared_pfam=PF01423
SmD1,Moneuplotes_crassus,divergent_homolog,CAI2382237.1,5.01e-16,38.5,,False,domain_rescue,shared_pfam=PF01423
SmF,Moneuplotes_crassus,divergent_homolog,CAI2385898.1,5.01e-18,48.8,,False,domain_rescue,shared_pfam=PF01423
Msl1,Moneuplotes_crassus,divergent_homolog,CAI2374107.1,7.65e-13,37.2,,False,domain_rescue,shared_pfam=PF13893
Lea1,Moneuplotes_crassus,divergent_homolog,CAI2378186.1,1.36e-13,30.3,,False,domain_rescue,shared_pfam=PF14580
Cus1,Moneuplotes_crassus,divergent_homolog,CAI2365736.1,1.47e-40,39.3,,False,domain_rescue,"shared_pfam=PF04037,PF04046"
Hsh49,Moneuplotes_crassus,divergent_homolog,CAI2375834.1,1.41e-34,34.8,,False,domain_rescue,shared_pfam=PF00076
Rds3,Moneuplotes_crassus,divergent_homolog,CAI2385183.1,4.99e-42,56.2,,False,domain_rescue,shared_pfam=PF03660
Prp9,Moneuplotes_crassus,divergent_homolog,CAI2365992.1,1.21e-32,27.7,,False,domain_rescue,"shared_pfam=PF11931,PF12171,PF16837"
Prp11,Moneuplotes_crassus,divergent_homolog,CAI2380415.1,1.65e-12,26.9,,False,domain_rescue,"shared_pfam=PF12874,PF16835"
pRP21,Moneuplotes_crassus,divergent_homolog,CAI2365823.1,3.60e-05,22.7,,False,domain_rescue,"shared_pfam=PF01805,PF12230"
LSm2,Moneuplotes_crassus,divergent_homolog,CAI2382638.1,2.80e-16,32.6,,False,domain_rescue,shared_pfam=PF01423
LSm3,Moneuplotes_crassus,divergent_homolog,CAI2382416.1,2.07e-10,34.7,,False,domain_rescue,shared_pfam=PF01423
LSm4,Moneuplotes_crassus,divergent_homolog,CAI2382686.1,1.89e-04,27.9,,False,domain_rescue,shared_pfam=PF01423
LSm6,Moneuplotes_crassus,divergent_homolog,CAI2385898.1,4.19e-06,55.0,,False,domain_rescue,shared_pfam=PF01423
LSm7,Moneuplotes_crassus,divergent_homolog,CAI2380323.1,4.22e-03,27.6,,False,domain_rescue,shared_pfam=PF01423
Dib1,Moneuplotes_crassus,divergent_homolog,CAI2383334.1,3.18e-58,63.4,,False,domain_rescue,shared_pfam=PF02966
Prp31,Moneuplotes_crassus,divergent_homolog,CAI2368067.1,9.08e-31,29.1,,False,domain_rescue,"shared_pfam=PF01798,PF09785"
Prp4,Moneuplotes_crassus,divergent_homolog,CAI2370317.1,4.57e-12,41.3,,False,domain_rescue,shared_pfam=PF00400
Bud13,Moneuplotes_crassus,divergent_homolog,CAI2370381.1,1.24e-05,46.9,,False,domain_rescue,shared_pfam=PF09736
Pml1,Moneuplotes_crassus,divergent_homolog,CAI2378488.1,1.40e-13,32.6,,False,domain_rescue,shared_pfam=PF00498
Prp38,Moneuplotes_crassus,divergent_homolog,CAI2370473.1,7.56e-04,26.7,,False,domain_rescue,shared_pfam=PF03371
Clf1,Moneuplotes_crassus,divergent_homolog,CAI2359392.1,1.55e-58,32.2,,False,domain_rescue,"shared_pfam=PF23233,PF23240"
Syf1,Moneuplotes_crassus,divergent_homolog,CAI2386696.1,3.08e-43,25.1,,False,domain_rescue,"shared_pfam=PF23220,PF23231,PF23233"
Prp19,Moneuplotes_crassus,divergent_homolog,CAI2366038.1,1.99e-15,30.0,,False,domain_rescue,shared_pfam=PF08606
Cwc2,Moneuplotes_crassus,divergent_homolog,CAI2369120.1,1.21e-23,31.5,,False,domain_rescue,shared_pfam=PF16131
Ecm2,Moneuplotes_crassus,divergent_homolog,CAI2369813.1,1.87e-14,39.0,,False,domain_rescue,shared_pfam=PF21369
Prp45,Moneuplotes_crassus,divergent_homolog,CAI2368974.1,7.19e-14,27.8,,False,domain_rescue,shared_pfam=PF02731
Cwc22,Moneuplotes_crassus,divergent_homolog,CAI2386547.1,2.22e-56,28.5,,False,domain_rescue,shared_pfam=PF02847
Cwc23,Moneuplotes_crassus,divergent_homolog,CAI2371005.1,1.87e-06,38.2,,False,domain_rescue,shared_pfam=PF00226
Cwc24,Moneuplotes_crassus,divergent_homolog,CAI2383350.1,8.92e-31,36.0,,False,domain_rescue,"shared_pfam=PF00642,PF13923"
Cwc27,Moneuplotes_crassus,divergent_homolog,CAI2367288.1,2.04e-11,28.7,,False,domain_rescue,shared_pfam=PF00160
Spp2,Moneuplotes_crassus,divergent_homolog,CAI2371819.1,3.68e-04,39.1,,False,domain_rescue,shared_pfam=PF12656
Yju2,Moneuplotes_crassus,divergent_homolog,CAI2376748.1,5.44e-24,39.7,,False,domain_rescue,shared_pfam=PF04502
Prp17,Moneuplotes_crassus,divergent_homolog,CAI2363798.1,1.62e-76,34.7,,False,domain_rescue,shared_pfam=PF00400
Prp18,Moneuplotes_crassus,divergent_homolog,CAI2372093.1,2.91e-12,35.3,,False,domain_rescue,shared_pfam=PF02840
Prp6,Moneuplotes_crassus,divergent_homolog,CAI2374339.1,1.76e-07,21.4,,False,domain_rescue,shared_pfam=PF29376
Snu66,Moneuplotes_crassus,divergent_homolog,CAI2364841.1,9.74e-02,42.2,,False,domain_rescue,shared_pfam=PF03343
Prp40,Moneuplotes_crassus,divergent_homolog,CAI2368037.1,1.19e-05,23.2,,False,domain_rescue,shared_pfam=PF01846
Mud2,Moneuplotes_crassus,divergent_homolog,CAI2367489.1,6.22e-02,20.3,,False,domain_rescue,shared_pfam=PF29326
Msl5,Moneuplotes_crassus,divergent_homolog,CAI2361223.1,1.77e-23,32.6,,False,domain_rescue,"shared_pfam=PF16275,PF22675"
Cus2,Moneuplotes_crassus,divergent_homolog,CAI2368039.1,3.95e-16,30.0,,False,domain_rescue,shared_pfam=PF00076
Srp1,Moneuplotes_crassus,divergent_homolog,CAI2363394.1,4.90e-11,36.1,,False,domain_rescue,"shared_pfam=PF00514,PF16186"
Npl3,Moneuplotes_crassus,divergent_homolog,CAI2359899.1,3.66e-05,29.5,,False,domain_rescue,shared_pfam=PF00076
Gbp2,Moneuplotes_crassus,divergent_homolog,CAI2384702.1,5.50e-14,27.1,,False,domain_rescue,shared_pfam=PF00076
Hrb1,Moneuplotes_crassus,divergent_homolog,CAI2361530.1,3.42e-10,23.8,,False,domain_rescue,shared_pfam=PF00076
DBR1,Moneuplotes_crassus,divergent_homolog,CAI2366492.1,9.09e-54,32.3,,False,domain_rescue,"shared_pfam=PF00149,PF05011"
Snp1,Tetrahymena_utriculariae,divergent_homolog,EIA_01656.1|CM126919.1|-|383|1.571e-108|7|626013|627140|627140[627140]:627054[627054]:87[87]|626923[626923]:626867[626867]:57[57]|626799[626799]:626710[626710]:90[90]|626615[626603]:626451[626451]:165[153]|626349[626349]:626260[626260]:90[90]|626179[626179]:626138[626138]:42[42]|626048[626048]:626013[626013]:36[36],7.97e-10,32.0,,False,domain_rescue,shared_pfam=PF00076
Prp39,Tetrahymena_utriculariae,divergent_homolog,EIA_09004.1|CM126865.1|+|557|6.56e-161|13|2334187|2337136|2334187[2334187]:2334234[2334234]:48[48]|2334718[2334718]:2334819[2334819]:102[102]|2334980[2334980]:2335072[2335072]:93[93]|2335382[2335382]:2335546[2335546]:165[165]|2335700[2335700]:2335759[2335759]:60[60]|2335833[2335833]:2335925[2335925]:93[93]|2336144[2336144]:2336191[2336191]:48[48]|2336306[2336306]:2336356[2336356]:51[51]|2336484[2336484]:2336531[2336531]:48[48]|2336604[2336604]:2336666[2336666]:63[63]|2336703[2336703]:2336765[2336765]:63[63]|2336820[2336820]:2336909[2336909]:90[90]|2337035[2337035]:2337136[2337136]:102[102],9.59e-02,22.4,,False,domain_rescue,shared_pfam=PF23240
Nam8,Tetrahymena_utriculariae,divergent_homolog,EIA_20672.1|CM126902.1|+|300|1.519e-83|4|22438|24779|22438[22438]:22626[22626]:189[189]|24326[24326]:24448[24448]:123[123]|24493[24508]:24627[24627]:135[120]|24711[24714]:24779[24779]:69[66],3.68e-03,29.6,,False,domain_rescue,shared_pfam=PF00076
SmD3,Tetrahymena_utriculariae,divergent_homolog,EIA_09746.1|CM126872.1|+|163|2.647e-42|4|282622|283251|282622[282622]:282672[282672]:51[51]|282723[282732]:282839[282839]:117[108]|282878[282899]:282943[282943]:66[45]|283168[283168]:283251[283251]:84[84],5.31e-07,33.3,,False,domain_rescue,shared_pfam=PF01423
SmG,Tetrahymena_utriculariae,divergent_homolog,EIA_23492.1|CM126956.1|-|104|1.526e-24|1|58274|58417|58417[58417]:58274[58274]:144[144],9.21e-08,45.1,,False,domain_rescue,shared_pfam=PF01423
Lea1,Tetrahymena_utriculariae,divergent_homolog,EIA_22172.1|CM126927.1|-|278|6.372e-77|3|675392|677066|677066[677066]:676869[676869]:198[198]|676796[676796]:676563[676563]:234[234]|675526[675526]:675392[675392]:135[135],2.03e-06,28.9,,False,domain_rescue,shared_pfam=PF14580
Rse1,Tetrahymena_utriculariae,divergent_homolog,EIA_13606.1|CM126814.1|-|1278|0|25|296732|301034|301034[301034]:300978[300978]:57[57]|300831[300825]:300751[300751]:81[75]|300598[300598]:300515[300515]:84[84]|300409[300409]:300284[300284]:126[126]|300202[300202]:300113[300113]:90[90]|300057[300057]:299983[299983]:75[75]|299955[299955]:299896[299896]:60[60]|299793[299793]:299680[299680]:114[114]|299598[299598]:299527[299527]:72[72]|299460[299460]:299401[299401]:60[60]|299277[299277]:299233[299233]:45[45]|299036[299036]:298965[298965]:72[72]|298883[298883]:298800[298800]:84[84]|298754[298745]:298716[298716]:39[30]|298670[298670]:298575[298575]:96[96]|298514[298514]:298440[298440]:75[75]|298367[298367]:298311[298311]:57[57]|298217[298217]:298119[298119]:99[99]|298055[298055]:297873[297873]:183[183]|297821[297821]:297729[297729]:93[93]|297671[297671]:297573[297573]:99[99]|297440[297440]:297369[297369]:72[72]|297311[297311]:297231[297231]:81[81]|297168[297168]:296920[296920]:249[249]|296836[296836]:296732[296732]:105[105],1.24e-07,20.1,,False,domain_rescue,"shared_pfam=PF03178,PF10433"
Hsh49,Tetrahymena_utriculariae,divergent_homolog,EIA_09773.1|CM126872.1|+|342|3.454e-96|8|381706|383859|381706[381706]:381765[381765]:60[60]|381808[381808]:381861[381861]:54[54]|382380[382380]:382505[382505]:126[126]|382572[382572]:382616[382616]:45[45]|383206[383206]:383301[383301]:96[96]|383372[383372]:383419[383419]:48[48]|383553[383553]:383624[383624]:72[72]|383770[383770]:383859[383859]:90[90],3.07e-12,26.9,,False,domain_rescue,shared_pfam=PF00076
Prp9,Tetrahymena_utriculariae,divergent_homolog,EIA_16594.1|CM126975.1|+|327|1.132e-91|7|84835|86417|84835[84835]:84879[84879]:45[45]|84961[84961]:85032[85032]:72[72]|85117[85117]:85191[85191]:75[75]|85288[85288]:85380[85380]:93[93]|85555[85555]:85719[85719]:165[165]|85861[85861]:85914[85914]:54[54]|86118[86118]:86417[86417]:300[300],3.17e-16,39.6,,False,domain_rescue,"shared_pfam=PF11931,PF12171"
LSm2,Tetrahymena_utriculariae,divergent_homolog,EIA_08201.1|CM126937.1|-|150|2.168e-38|2|88606|88927|88927[88927]:88787[88787]:141[141]|88689[88689]:88606[88606]:84[84],4.22e-15,44.6,,False,domain_rescue,shared_pfam=PF01423
LSm3,Tetrahymena_utriculariae,divergent_homolog,EIA_16851.1|CM126971.1|-|102|6.103e-24|2|107282|107485|107485[107485]:107390[107390]:96[96]|107350[107350]:107282[107282]:69[69],1.26e-06,36.7,,False,domain_rescue,shared_pfam=PF01423
LSm4,Tetrahymena_utriculariae,divergent_homolog,EIA_09746.1|CM126872.1|+|163|2.647e-42|4|282622|283251|282622[282622]:282672[282672]:51[51]|282723[282732]:282839[282839]:117[108]|282878[282899]:282943[282943]:66[45]|283168[283168]:283251[283251]:84[84],3.48e-04,31.1,,False,domain_rescue,shared_pfam=PF01423
LSm5,Tetrahymena_utriculariae,divergent_homolog,EIA_17376.1|CM126918.1|-|117|1.863e-28|2|335478|335869|335869[335869]:335765[335765]:105[105]|335552[335552]:335478[335478]:75[75],1.12e-06,45.0,,False,domain_rescue,shared_pfam=PF01423
LSm6,Tetrahymena_utriculariae,divergent_homolog,EIA_12930.1|CM126878.1|+|93|3.125e-21|1|215169|215306|215169[215169]:215306[215306]:138[138],2.70e-06,51.4,,False,domain_rescue,shared_pfam=PF01423
LSm7,Tetrahymena_utriculariae,divergent_homolog,EIA_13030.1|CM126838.1|+|270|1.631e-74|4|308851|309796|308851[308851]:308955[308955]:105[105]|309378[309381]:309485[309485]:108[105]|309581[309590]:309673[309673]:93[84]|309698[309698]:309796[309796]:99[99],9.91e-04,34.4,,False,domain_rescue,shared_pfam=PF01423
Dib1,Tetrahymena_utriculariae,divergent_homolog,EIA_14302.1|CM126904.1|-|236|2.802e-64|1|294291|294617|294617[294617]:294291[294291]:327[327],4.94e-47,61.1,,False,domain_rescue,shared_pfam=PF02966
Prp31,Tetrahymena_utriculariae,divergent_homolog,EIA_01950.1|CM126945.1|+|547|6.718e-158|10|653834|655591|653834[653834]:653887[653887]:54[54]|653912[653912]:653971[653971]:60[60]|654018[654018]:654128[654128]:111[111]|654199[654199]:654360[654360]:162[162]|654433[654433]:654480[654480]:48[48]|654539[654539]:654646[654646]:108[108]|654920[654920]:655069[655069]:150[150]|655123[655123]:655227[655227]:105[105]|655323[655323]:655391[655391]:69[69]|655463[655463]:655591[655591]:129[129],1.62e-07,29.2,,False,domain_rescue,"shared_pfam=PF01798,PF09785"
Prp3,Tetrahymena_utriculariae,divergent_homolog,EIA_16152.1|CM126858.1|-|650|6.624e-189|10|107803|109824|109824[109824]:109747[109747]:78[78]|109704[109704]:109633[109633]:72[72]|109575[109575]:109387[109387]:189[189]|109260[109260]:109180[109180]:81[81]|108927[108927]:108823[108823]:105[105]|108804[108804]:108673[108673]:132[132]|108630[108630]:108565[108565]:66[66]|108522[108522]:108355[108355]:168[168]|108300[108300]:108205[108205]:96[96]|108153[108153]:107803[107803]:351[351],4.40e-12,25.1,,False,domain_rescue,"shared_pfam=PF06544,PF08572"
Prp4,Tetrahymena_utriculariae,divergent_homolog,EIA_15121.1|CM126865.1|-|595|2.387e-172|8|2095413|2097063|2097063[2097063]:2096986[2096986]:78[78]|2096894[2096894]:2096829[2096829]:66[66]|2096665[2096665]:2096615[2096615]:51[51]|2096308[2096308]:2096246[2096246]:63[63]|2096200[2096191]:2096096[2096096]:105[96]|2096042[2096039]:2095998[2095998]:45[42]|2095976[2095976]:2095680[2095680]:297[297]|2095607[2095607]:2095413[2095413]:195[195],6.83e-05,23.5,,False,domain_rescue,shared_pfam=PF00400
Snu17,Tetrahymena_utriculariae,divergent_homolog,EIA_19039.1|CM126944.1|-|198|7.703e-53|2|55109|55454|55454[55454]:55347[55347]:108[108]|55285[55285]:55109[55109]:177[177],2.01e-08,32.1,,False,domain_rescue,shared_pfam=PF00076
Clf1,Tetrahymena_utriculariae,divergent_homolog,EIA_02791.1|CM126826.1|+|604|4.661e-175|10|1009716|1012283|1009716[1009716]:1009820[1009820]:105[105]|1010074[1010074]:1010235[1010235]:162[162]|1010365[1010365]:1010421[1010421]:57[57]|1010716[1010716]:1010814[1010814]:99[99]|1010930[1010930]:1011244[1011244]:315[315]|1011566[1011566]:1011754[1011754]:189[189]|1011804[1011807]:1011911[1011911]:108[105]|1011980[1011980]:1012021[1012021]:42[42]|1012073[1012073]:1012132[1012132]:60[60]|1012209[1012218]:1012283[1012283]:75[66],2.90e-22,29.8,,False,domain_rescue,"shared_pfam=PF23233,PF23240"
Syf1,Tetrahymena_utriculariae,divergent_homolog,EIA_19004.1|CM126913.1|-|785|1.521e-229|14|65490|68459|68459[68459]:68409[68409]:51[51]|68232[68232]:68110[68110]:123[123]|67993[67993]:67952[67952]:42[42]|67882[67882]:67706[67706]:177[177]|67381[67381]:67259[67259]:123[123]|67225[67225]:67151[67151]:75[75]|66952[66952]:66701[66701]:252[252]|66619[66619]:66566[66566]:54[54]|66508[66508]:66452[66452]:57[57]|66416[66386]:66378[66378]:39[9]|66314[66314]:66183[66183]:132[132]|66092[66092]:65994[65994]:99[99]|65812[65812]:65735[65735]:78[78]|65648[65648]:65490[65490]:159[159],1.19e-01,23.5,,False,domain_rescue,"shared_pfam=PF23220,PF23231,PF23233"
Cef1,Tetrahymena_utriculariae,divergent_homolog,EIA_13261.1|CM126834.1|-|463|1.299e-132|11|347792|350487|350487[350487]:350341[350341]:147[147]|350059[350038]:349952[349952]:108[87]|349822[349822]:349676[349676]:147[147]|349332[349332]:349201[349201]:132[132]|349057[349048]:348998[348998]:60[51]|348940[348940]:348887[348887]:54[54]|348844[348844]:348671[348671]:174[174]|348553[348553]:348509[348509]:45[45]|348178[348178]:348104[348104]:75[75]|347965[347965]:347909[347909]:57[57]|347839[347839]:347792[347792]:48[48],6.69e-07,33.0,,False,domain_rescue,shared_pfam=PF00249
Ecm2,Tetrahymena_utriculariae,divergent_homolog,EIA_11529.1|CM126817.1|+|321|7.244e-90|6|397331|398355|397331[397331]:397420[397420]:90[90]|397476[397491]:397580[397580]:105[90]|397704[397704]:397745[397745]:42[42]|397827[397827]:397970[397970]:144[144]|398067[398067]:398162[398162]:96[96]|398266[398266]:398355[398355]:90[90],2.31e-08,46.2,,False,domain_rescue,shared_pfam=PF21369
Prp45,Tetrahymena_utriculariae,divergent_homolog,EIA_22203.2|CM126985.1|+|369|2.574e-104|7|134582|136273|134582[134582]:134647[134647]:66[66]|134872[134872]:134922[134922]:51[51]|135118[135118]:135225[135225]:108[108]|135388[135388]:135498[135498]:111[111]|135604[135604]:135759[135759]:156[156]|135951[135951]:136082[136082]:132[132]|136136[136136]:136273[136273]:138[138],1.05e-13,27.9,,False,domain_rescue,shared_pfam=PF02731
Prp46,Tetrahymena_utriculariae,divergent_homolog,EIA_17471.1|CM126918.1|-|490|9.681e-141|9|11945|13821|13821[13821]:13714[13714]:108[108]|13569[13569]:13525[13525]:45[45]|13488[13488]:13420[13420]:69[69]|13395[13395]:13324[13324]:72[72]|13308[13308]:13093[13093]:216[216]|12586[12586]:12335[12335]:252[252]|12240[12240]:12199[12199]:42[42]|12183[12183]:12121[12121]:63[63]|12064[12064]:11945[11945]:120[120],3.49e-22,24.7,,False,domain_rescue,shared_pfam=PF00400
Cwc22,Tetrahymena_utriculariae,divergent_homolog,EIA_10248.1|CM126921.1|-|891|1.875e-261|12|1318400|1320672|1320672[1320672]:1320445[1320445]:228[228]|1320336[1320336]:1320211[1320211]:126[126]|1320162[1320162]:1320109[1320109]:54[54]|1320019[1320019]:1319945[1319945]:75[75]|1319879[1319879]:1319616[1319616]:264[264]|1319591[1319591]:1319502[1319502]:90[90]|1319404[1319404]:1319324[1319324]:81[81]|1319257[1319257]:1319174[1319174]:84[84]|1319146[1319146]:1319003[1319003]:144[144]|1318948[1318939]:1318916[1318916]:33[24]|1318870[1318870]:1318694[1318694]:177[177]|1318582[1318582]:1318400[1318400]:183[183],4.67e-21,23.1,,False,domain_rescue,shared_pfam=PF02847
Cwc23,Tetrahymena_utriculariae,divergent_homolog,EIA_02562.1|CM126987.1|+|309|2.967e-86|5|772346|773281|772346[772346]:772429[772429]:84[84]|772490[772490]:772567[772567]:78[78]|772746[772746]:772880[772880]:135[135]|772922[772940]:773080[773080]:159[141]|773159[773159]:773281[773281]:123[123],5.03e-06,30.7,,False,domain_rescue,shared_pfam=PF00226
Cwc24,Tetrahymena_utriculariae,divergent_homolog,EIA_01465.1|CM126919.1|+|376|2.011e-106|5|1385499|1387602|1385499[1385499]:1385579[1385579]:81[81]|1386147[1386147]:1386302[1386302]:156[156]|1386946[1386946]:1387098[1387098]:153[153]|1387312[1387312]:1387395[1387395]:84[84]|1387495[1387495]:1387602[1387602]:108[108],5.94e-03,33.3,,False,domain_rescue,shared_pfam=PF00642
Yju2,Tetrahymena_utriculariae,divergent_homolog,EIA_10019.1|CM126865.1|+|411|5.852e-117|6|1330973|1332111|1330973[1330973]:1331038[1331038]:66[66]|1331183[1331183]:1331293[1331293]:111[111]|1331337[1331352]:1331471[1331471]:135[120]|1331582[1331585]:1331689[1331689]:108[105]|1331806[1331806]:1331955[1331955]:150[150]|1332019[1332022]:1332111[1332111]:93[90],8.61e-14,35.4,,False,domain_rescue,shared_pfam=PF04502
Prp17,Tetrahymena_utriculariae,divergent_homolog,EIA_11523.1|CM126817.1|+|491|4.841e-141|10|410528|412603|410528[410528]:410614[410614]:87[87]|410681[410681]:410791[410791]:111[111]|410849[410849]:410893[410893]:45[45]|410945[410945]:411013[411013]:69[69]|411092[411092]:411172[411172]:81[81]|411414[411414]:411572[411572]:159[159]|411694[411694]:411753[411753]:60[60]|411994[411994]:412191[412191]:198[198]|412322[412322]:412426[412426]:105[105]|412520[412520]:412603[412603]:84[84],8.11e-18,23.1,,False,domain_rescue,shared_pfam=PF00400
Prp6,Tetrahymena_utriculariae,divergent_homolog,EIA_20622.1|CM126896.1|+|900|3.661e-264|14|5917|8511|5917[5917]:6066[6066]:150[150]|6097[6097]:6183[6183]:87[87]|6238[6238]:6303[6303]:66[66]|6370[6370]:6420[6420]:51[51]|6559[6559]:6693[6693]:135[135]|6721[6721]:6924[6924]:204[204]|6970[6970]:7155[7155]:186[186]|7189[7189]:7302[7302]:114[114]|7465[7465]:7569[7569]:105[105]|7636[7636]:7689[7689]:54[54]|7765[7765]:7863[7863]:99[99]|7936[7936]:8016[8016]:81[81]|8080[8080]:8190[8190]:111[111]|8275[8275]:8511[8511]:237[237],1.34e-15,24.1,,False,domain_rescue,"shared_pfam=PF06424,PF29376"
Msl5,Tetrahymena_utriculariae,divergent_homolog,EIA_10697.1|CM126895.1|-|703|7.354e-205|11|162031|164493|164493[164493]:164305[164305]:189[189]|164283[164283]:164200[164200]:84[84]|164103[164103]:163981[163981]:123[123]|163953[163953]:163861[163861]:93[93]|163845[163845]:163771[163771]:75[75]|163146[163146]:163015[163015]:132[132]|162927[162927]:162838[162838]:90[90]|162771[162771]:162721[162721]:51[51]|162651[162651]:162442[162442]:210[210]|162387[162387]:162328[162328]:60[60]|162246[162246]:162031[162031]:216[216],3.53e-07,41.3,,False,domain_rescue,shared_pfam=PF16275
Npl3,Tetrahymena_utriculariae,divergent_homolog,EIA_19039.1|CM126944.1|-|198|7.703e-53|2|55109|55454|55454[55454]:55347[55347]:108[108]|55285[55285]:55109[55109]:177[177],5.62e-05,31.5,,False,domain_rescue,shared_pfam=PF00076
Gbp2,Tetrahymena_utriculariae,divergent_homolog,EIA_04544.1|CM126960.1|+|323|1.811e-90|4|197675|200543|197675[197675]:197833[197833]:159[159]|199462[199462]:199665[199665]:204[204]|199993[199993]:200061[200061]:69[69]|200418[200421]:200543[200543]:126[123],2.71e-11,27.1,,False,domain_rescue,shared_pfam=PF00076
Hrb1,Tetrahymena_utriculariae,divergent_homolog,EIA_19039.1|CM126944.1|-|198|7.703e-53|2|55109|55454|55454[55454]:55347[55347]:108[108]|55285[55285]:55109[55109]:177[177],2.86e-09,35.9,,False,domain_rescue,shared_pfam=PF00076
Hrp1,Tetrahymena_utriculariae,divergent_homolog,EIA_04544.1|CM126960.1|+|323|1.811e-90|4|197675|200543|197675[197675]:197833[197833]:159[159]|199462[199462]:199665[199665]:204[204]|199993[199993]:200061[200061]:69[69]|200418[200421]:200543[200543]:126[123],8.60e-09,25.0,,False,domain_rescue,shared_pfam=PF00076
Mud1,Tetrahymena_malaccensis,divergent_homolog,EIA_09530.1,5.43e-04,32.0,,False,domain_rescue,shared_pfam=PF00076
Yhc1,Tetrahymena_malaccensis,divergent_homolog,EIA_10368.1,6.66e-06,35.7,,False,domain_rescue,shared_pfam=PF06220
Prp39,Tetrahymena_malaccensis,divergent_homolog,EIA_09004.1,2.52e-08,20.3,,False,domain_rescue,"shared_pfam=PF23240,PF23241"
Nam8,Tetrahymena_malaccensis,divergent_homolog,EIA_07411.1,3.14e-14,27.8,,False,domain_rescue,shared_pfam=PF00076
Luc7,Tetrahymena_malaccensis,divergent_homolog,EIA_07413.1,5.20e-10,24.7,,False,domain_rescue,shared_pfam=PF03194
SmG,Tetrahymena_malaccensis,divergent_homolog,EIA_23492.1,9.59e-15,45.2,,False,domain_rescue,shared_pfam=PF01423
Msl1,Tetrahymena_malaccensis,divergent_homolog,EIA_22666.1,4.68e-15,40.7,,False,domain_rescue,shared_pfam=PF13893
Lea1,Tetrahymena_malaccensis,divergent_homolog,EIA_11737.1,1.31e-09,33.6,,False,domain_rescue,shared_pfam=PF14580
Cus1,Tetrahymena_malaccensis,divergent_homolog,EIA_00867.1,3.44e-35,37.6,,False,domain_rescue,"shared_pfam=PF04037,PF04046"
Hsh49,Tetrahymena_malaccensis,divergent_homolog,EIA_09773.1,1.58e-33,35.0,,False,domain_rescue,shared_pfam=PF00076
Rds3,Tetrahymena_malaccensis,divergent_homolog,EIA_00415.1,2.11e-40,54.3,,False,domain_rescue,shared_pfam=PF03660
Ysf3,Tetrahymena_malaccensis,divergent_homolog,EIA_00728.1,7.48e-06,30.5,,False,domain_rescue,shared_pfam=PF07189
Prp11,Tetrahymena_malaccensis,divergent_homolog,EIA_19959.1,1.05e-17,27.2,,False,domain_rescue,"shared_pfam=PF12874,PF16835"
LSm8,Tetrahymena_malaccensis,divergent_homolog,EIA_05966.1,1.05e-05,35.1,,False,domain_rescue,shared_pfam=PF01423
LSm2,Tetrahymena_malaccensis,divergent_homolog,EIA_08201.1,1.17e-17,43.3,,False,domain_rescue,shared_pfam=PF01423
LSm3,Tetrahymena_malaccensis,divergent_homolog,EIA_16851.1,4.31e-12,37.5,,False,domain_rescue,shared_pfam=PF01423
LSm4,Tetrahymena_malaccensis,divergent_homolog,EIA_09746.1,7.96e-08,29.3,,False,domain_rescue,shared_pfam=PF01423
LSm5,Tetrahymena_malaccensis,divergent_homolog,EIA_17376.1,8.61e-12,37.0,,False,domain_rescue,shared_pfam=PF01423
LSm6,Tetrahymena_malaccensis,divergent_homolog,EIA_12930.1,4.44e-12,43.8,,False,domain_rescue,shared_pfam=PF01423
LSm7,Tetrahymena_malaccensis,divergent_homolog,EIA_19573.1,6.07e-16,38.6,,False,domain_rescue,shared_pfam=PF01423
Prp31,Tetrahymena_malaccensis,divergent_homolog,EIA_01950.1,4.50e-33,30.2,,False,domain_rescue,"shared_pfam=PF01798,PF09785"
Prp3,Tetrahymena_malaccensis,divergent_homolog,EIA_16152.1,4.65e-23,30.3,,False,domain_rescue,"shared_pfam=PF06544,PF08572"
Prp4,Tetrahymena_malaccensis,divergent_homolog,EIA_14785.1,1.68e-17,19.9,,False,domain_rescue,shared_pfam=PF00400
Bud13,Tetrahymena_malaccensis,divergent_homolog,EIA_19068.1,5.96e-05,53.8,,False,domain_rescue,shared_pfam=PF09736
Pml1,Tetrahymena_malaccensis,divergent_homolog,EIA_09736.1,3.95e-14,31.1,,False,domain_rescue,shared_pfam=PF00498
Clf1,Tetrahymena_malaccensis,divergent_homolog,EIA_02791.1,4.93e-40,36.1,,False,domain_rescue,"shared_pfam=PF23233,PF23240"
Syf1,Tetrahymena_malaccensis,divergent_homolog,EIA_19004.1,5.68e-45,24.5,,False,domain_rescue,"shared_pfam=PF23220,PF23231,PF23233"
Prp19,Tetrahymena_malaccensis,divergent_homolog,EIA_05762.1,1.93e-19,37.7,,False,domain_rescue,shared_pfam=PF08606
Isy1,Tetrahymena_malaccensis,divergent_homolog,EIA_16493.1,3.08e-05,29.6,,False,domain_rescue,shared_pfam=PF06246
Cwc2,Tetrahymena_malaccensis,divergent_homolog,EIA_12713.1,7.76e-20,26.1,,False,domain_rescue,"shared_pfam=PF00076,PF16131"
Cwc15,Tetrahymena_malaccensis,divergent_homolog,EIA_10496.1,1.04e-01,41.9,,False,domain_rescue,shared_pfam=PF04889
Ecm2,Tetrahymena_malaccensis,divergent_homolog,EIA_11529.1,1.50e-18,33.1,,False,domain_rescue,shared_pfam=PF21369
Prp45,Tetrahymena_malaccensis,divergent_homolog,EIA_22203.2,1.47e-15,25.4,,False,domain_rescue,shared_pfam=PF02731
Prp46,Tetrahymena_malaccensis,divergent_homolog,EIA_17471.1,7.68e-34,67.5,,False,domain_rescue,"shared_pfam=PF00400,PF23098"
Cwc21,Tetrahymena_malaccensis,divergent_homolog,EIA_22554.1,2.42e-02,60.9,,False,domain_rescue,shared_pfam=PF08312
Cwc22,Tetrahymena_malaccensis,divergent_homolog,EIA_10248.1,2.01e-45,25.8,,False,domain_rescue,shared_pfam=PF02847
Cwc23,Tetrahymena_malaccensis,divergent_homolog,EIA_02562.1,3.36e-07,35.6,,False,domain_rescue,shared_pfam=PF00226
Cwc24,Tetrahymena_malaccensis,divergent_homolog,EIA_18702.1,1.54e-31,36.7,,False,domain_rescue,"shared_pfam=PF00642,PF13923"
Cwc27,Tetrahymena_malaccensis,divergent_homolog,EIA_11599.1,5.39e-11,25.4,,False,domain_rescue,shared_pfam=PF00160
Yju2,Tetrahymena_malaccensis,divergent_homolog,EIA_00851.1,3.30e-21,37.4,,False,domain_rescue,shared_pfam=PF04502
Prp17,Tetrahymena_malaccensis,divergent_homolog,EIA_11523.1,7.63e-76,36.8,,False,domain_rescue,shared_pfam=PF00400
Prp18,Tetrahymena_malaccensis,divergent_homolog,EIA_06786.1,1.21e-13,38.1,,False,domain_rescue,shared_pfam=PF02840
Slu7,Tetrahymena_malaccensis,divergent_homolog,EIA_08141.1,2.34e-07,25.1,,False,domain_rescue,"shared_pfam=PF11708,PF30379"
Prp6,Tetrahymena_malaccensis,divergent_homolog,EIA_20622.1,5.97e-29,30.6,,False,domain_rescue,"shared_pfam=PF06424,PF29376"
Snu23,Tetrahymena_malaccensis,divergent_homolog,EIA_02323.1,2.20e-01,42.3,,False,domain_rescue,shared_pfam=PF12874
Ntr1,Tetrahymena_malaccensis,divergent_homolog,EIA_06219.2,2.35e-05,34.8,,False,domain_rescue,shared_pfam=PF01585
Prp40,Tetrahymena_malaccensis,divergent_homolog,EIA_19335.1,3.06e-13,28.2,,False,domain_rescue,"shared_pfam=PF00397,PF01846"
Mud2,Tetrahymena_malaccensis,divergent_homolog,EIA_08205.1,3.84e-04,26.4,,False,domain_rescue,shared_pfam=PF29326
Cus2,Tetrahymena_malaccensis,divergent_homolog,EIA_17269.1,2.88e-17,30.4,,False,domain_rescue,shared_pfam=PF00076
Npl3,Tetrahymena_malaccensis,divergent_homolog,EIA_19039.1,4.82e-05,31.1,,False,domain_rescue,shared_pfam=PF00076
Gbp2,Tetrahymena_malaccensis,divergent_homolog,EIA_09530.1,1.87e-12,24.1,,False,domain_rescue,shared_pfam=PF00076
Hrb1,Tetrahymena_malaccensis,divergent_homolog,EIA_04544.1,2.90e-09,24.9,,False,domain_rescue,shared_pfam=PF00076
Hrp1,Tetrahymena_malaccensis,divergent_homolog,EIA_09773.1,1.26e-19,29.4,,False,domain_rescue,shared_pfam=PF00076
Mud1,Tetrahymena_thermophila,divergent_homolog,TTHERM_01043060|RNA,1.37e-04,32.5,,False,domain_rescue,shared_pfam=PF00076
Yhc1,Tetrahymena_thermophila,divergent_homolog,TTHERM_00418555|U1,4.51e-06,35.7,,False,domain_rescue,shared_pfam=PF06220
Prp39,Tetrahymena_thermophila,divergent_homolog,TTHERM_00377330|Tetratricopeptide-like,1.55e-04,19.1,,False,domain_rescue,"shared_pfam=PF23240,PF23241"
Nam8,Tetrahymena_thermophila,divergent_homolog,TTHERM_00557810|RRM37,3.65e-14,28.8,,False,domain_rescue,shared_pfam=PF00076
Luc7,Tetrahymena_thermophila,divergent_homolog,TTHERM_00557840|Luc7-related,2.45e-10,24.7,,False,domain_rescue,shared_pfam=PF03194
SmB,Tetrahymena_thermophila,divergent_homolog,TTHERM_00189617|U6,1.43e-04,32.1,,False,domain_rescue,shared_pfam=PF01423
SmG,Tetrahymena_thermophila,divergent_homolog,TTHERM_01151560|Sm-like,1.11e-14,45.2,,False,domain_rescue,shared_pfam=PF01423
Msl1,Tetrahymena_thermophila,divergent_homolog,TTHERM_01043060|RNA,1.02e-14,40.7,,False,domain_rescue,shared_pfam=PF13893
Lea1,Tetrahymena_thermophila,divergent_homolog,TTHERM_00502250|Leucine-rich,5.25e-09,33.6,,False,domain_rescue,shared_pfam=PF14580
Cus1,Tetrahymena_thermophila,divergent_homolog,TTHERM_00013790|Pre-mRNA,5.77e-35,37.6,,False,domain_rescue,"shared_pfam=PF04037,PF04046"
Hsh49,Tetrahymena_thermophila,divergent_homolog,TTHERM_00023990|RRM63,3.60e-33,35.0,,False,domain_rescue,shared_pfam=PF00076
Ysf3,Tetrahymena_thermophila,divergent_homolog,TTHERM_00011360|Splicing,8.68e-06,30.5,,False,domain_rescue,shared_pfam=PF07189
Prp11,Tetrahymena_thermophila,divergent_homolog,TTHERM_00343680|PRP11,6.33e-18,27.5,,False,domain_rescue,"shared_pfam=PF12874,PF16835"
LSm8,Tetrahymena_thermophila,divergent_homolog,TTHERM_00189617|U6,4.65e-05,33.8,,False,domain_rescue,shared_pfam=PF01423
LSm2,Tetrahymena_thermophila,divergent_homolog,TTHERM_00318694|U6,4.78e-18,45.6,,False,domain_rescue,shared_pfam=PF01423
LSm3,Tetrahymena_thermophila,divergent_homolog,TTHERM_00647359|U6,3.54e-12,37.5,,False,domain_rescue,shared_pfam=PF01423
LSm5,Tetrahymena_thermophila,divergent_homolog,TTHERM_00686255|Sm-like,9.99e-12,37.0,,False,domain_rescue,shared_pfam=PF01423
LSm6,Tetrahymena_thermophila,divergent_homolog,TTHERM_00477010|Sm-like,1.81e-12,43.8,,False,domain_rescue,shared_pfam=PF01423
LSm7,Tetrahymena_thermophila,divergent_homolog,TTHERM_00835340|LSM7,3.52e-16,38.6,,False,domain_rescue,shared_pfam=PF01423
Prp31,Tetrahymena_thermophila,divergent_homolog,TTHERM_00113340|PRP31,8.23e-32,29.6,,False,domain_rescue,"shared_pfam=PF01798,PF09785"
Prp3,Tetrahymena_thermophila,divergent_homolog,TTHERM_00599960|PRP3,1.27e-23,30.3,,False,domain_rescue,"shared_pfam=PF06544,PF08572"
Prp4,Tetrahymena_thermophila,divergent_homolog,TTHERM_00700970|PRP4,1.45e-17,20.1,,False,domain_rescue,shared_pfam=PF00400
Bud13,Tetrahymena_thermophila,divergent_homolog,TTHERM_01071460|Pre-mRNA-splicing,1.65e-04,51.3,,False,domain_rescue,shared_pfam=PF09736
Pml1,Tetrahymena_thermophila,divergent_homolog,TTHERM_00024450|Cellular,1.82e-14,29.4,,False,domain_rescue,shared_pfam=PF00498
Clf1,Tetrahymena_thermophila,divergent_homolog,TTHERM_01076960|hypothetical,3.15e-43,31.5,,False,domain_rescue,"shared_pfam=PF23233,PF23240"
Syf1,Tetrahymena_thermophila,divergent_homolog,TTHERM_00760400|Pre-mRNA-splicing,2.05e-45,24.8,,False,domain_rescue,"shared_pfam=PF23220,PF23231,PF23233"
Isy1,Tetrahymena_thermophila,divergent_homolog,TTHERM_00588910|hypothetical,3.56e-05,29.6,,False,domain_rescue,shared_pfam=PF06246
Cwc2,Tetrahymena_thermophila,divergent_homolog,TTHERM_00954360|Pre-mRNA-splicing,6.71e-20,26.1,,False,domain_rescue,"shared_pfam=PF00076,PF16131"
Cwc15,Tetrahymena_thermophila,divergent_homolog,TTHERM_00433680|Pre-mRNA-splicing,1.20e-01,41.9,,False,domain_rescue,shared_pfam=PF04889
Ecm2,Tetrahymena_thermophila,divergent_homolog,TTHERM_00494500|RRM32,1.37e-18,33.1,,False,domain_rescue,shared_pfam=PF21369
Prp45,Tetrahymena_thermophila,divergent_homolog,TTHERM_00942990|SKI-interacting,5.01e-17,26.1,,False,domain_rescue,shared_pfam=PF02731
Prp46,Tetrahymena_thermophila,divergent_homolog,TTHERM_00684450|PRP5,4.16e-33,66.9,,False,domain_rescue,"shared_pfam=PF00400,PF23098"
Cwc21,Tetrahymena_thermophila,divergent_homolog,TTHERM_01001490|Pre-mRNA-splicing,2.81e-02,60.9,,False,domain_rescue,shared_pfam=PF08312
Cwc22,Tetrahymena_thermophila,divergent_homolog,TTHERM_00196620|Pre-mRNA-splicing,3.78e-46,26.0,,False,domain_rescue,shared_pfam=PF02847
Cwc23,Tetrahymena_thermophila,divergent_homolog,TTHERM_01013150|J,2.86e-07,35.6,,False,domain_rescue,shared_pfam=PF00226
Cwc24,Tetrahymena_thermophila,divergent_homolog,TTHERM_00730340|Pre-mRNA-splicing,1.26e-30,36.0,,False,domain_rescue,"shared_pfam=PF00642,PF13923"
Cwc27,Tetrahymena_thermophila,divergent_homolog,TTHERM_00492720|PPI10,8.38e-11,24.9,,False,domain_rescue,shared_pfam=PF00160
Yju2,Tetrahymena_thermophila,divergent_homolog,TTHERM_00013580|Saf4/Yju2,1.03e-21,37.4,,False,domain_rescue,shared_pfam=PF04502
Prp17,Tetrahymena_thermophila,divergent_homolog,TTHERM_00494570|PRP17,8.67e-76,36.8,,False,domain_rescue,shared_pfam=PF00400
Prp18,Tetrahymena_thermophila,divergent_homolog,TTHERM_00637170|PRP18,1.40e-13,38.1,,False,domain_rescue,shared_pfam=PF02840
Slu7,Tetrahymena_thermophila,divergent_homolog,TTHERM_00317030|Pre-mRNA-splicing,1.17e-07,27.1,,False,domain_rescue,"shared_pfam=PF11708,PF30379"
Prp6,Tetrahymena_thermophila,divergent_homolog,TTHERM_00849220|PRP1,2.76e-28,25.6,,False,domain_rescue,"shared_pfam=PF06424,PF29376"
Snu23,Tetrahymena_thermophila,divergent_homolog,TTHERM_00490670|Multifunctional,4.28e-03,45.7,,False,domain_rescue,shared_pfam=PF12874
Ntr1,Tetrahymena_thermophila,divergent_homolog,TTHERM_00218980|GPP1,4.74e-05,34.5,,False,domain_rescue,shared_pfam=PF01585
Prp40,Tetrahymena_thermophila,divergent_homolog,TTHERM_00755880|Pre-mRNA-processing,6.31e-17,29.4,,False,domain_rescue,"shared_pfam=PF00397,PF01846"
Mud2,Tetrahymena_thermophila,divergent_homolog,TTHERM_00318730|RRM10,7.80e-04,26.4,,False,domain_rescue,shared_pfam=PF29326
Cus2,Tetrahymena_thermophila,divergent_homolog,TTHERM_00683070|RRM43,1.49e-16,31.6,,False,domain_rescue,shared_pfam=PF00076
Npl3,Tetrahymena_thermophila,divergent_homolog,TTHERM_00898250|RRM52,5.59e-05,31.1,,False,domain_rescue,shared_pfam=PF00076
Gbp2,Tetrahymena_thermophila,divergent_homolog,TTHERM_00408740|RRM16,2.88e-12,24.7,,False,domain_rescue,shared_pfam=PF00076
Hrb1,Tetrahymena_thermophila,divergent_homolog,TTHERM_00384810|RRM13,2.27e-10,26.3,,False,domain_rescue,shared_pfam=PF00076
Hrp1,Tetrahymena_thermophila,divergent_homolog,TTHERM_00023990|RRM63,8.04e-20,30.5,,False,domain_rescue,shared_pfam=PF00076
Mud1,Oxytricha_trifallax,divergent_homolog,g43123,8.94e-03,31.9,,False,domain_rescue,shared_pfam=PF00076
Snp1,Oxytricha_trifallax,divergent_homolog,g18408,6.95e-21,31.3,,False,domain_rescue,"shared_pfam=PF00076,PF12220"
Yhc1,Oxytricha_trifallax,divergent_homolog,g25259,3.40e-02,42.1,,False,domain_rescue,shared_pfam=PF06220
Prp39,Oxytricha_trifallax,divergent_homolog,g31649,3.68e-04,21.6,,False,domain_rescue,"shared_pfam=PF23240,PF23241"
Nam8,Oxytricha_trifallax,divergent_homolog,g44956,5.87e-21,33.5,,False,domain_rescue,shared_pfam=PF00076
Luc7,Oxytricha_trifallax,divergent_homolog,g23609,4.29e-15,26.0,,False,domain_rescue,shared_pfam=PF03194
SmD1,Oxytricha_trifallax,divergent_homolog,g42885,2.04e-17,42.3,,False,domain_rescue,shared_pfam=PF01423
SmE,Oxytricha_trifallax,divergent_homolog,g40510,3.02e-04,29.8,,False,domain_rescue,shared_pfam=PF01423
SmF,Oxytricha_trifallax,divergent_homolog,g17317,2.00e-17,44.0,,False,domain_rescue,shared_pfam=PF01423
Msl1,Oxytricha_trifallax,divergent_homolog,g20264,1.06e-12,39.3,,False,domain_rescue,shared_pfam=PF13893
Lea1,Oxytricha_trifallax,divergent_homolog,g5700,5.06e-16,33.0,,False,domain_rescue,shared_pfam=PF14580
Rse1,Oxytricha_trifallax,divergent_homolog,g24136,1.26e-64,24.3,,False,domain_rescue,"shared_pfam=PF03178,PF10433,PF23726"
Cus1,Oxytricha_trifallax,divergent_homolog,g18868,2.21e-27,30.7,,False,domain_rescue,"shared_pfam=PF04037,PF04046"
Hsh49,Oxytricha_trifallax,divergent_homolog,g12943,4.84e-10,27.9,,False,domain_rescue,shared_pfam=PF00076
Prp9,Oxytricha_trifallax,divergent_homolog,g10749,1.26e-30,26.6,,False,domain_rescue,"shared_pfam=PF11931,PF12171,PF16837"
Prp11,Oxytricha_trifallax,divergent_homolog,g5290,5.99e-21,27.8,,False,domain_rescue,"shared_pfam=PF12874,PF16835"
pRP21,Oxytricha_trifallax,divergent_homolog,g27805,2.04e-06,25.4,,False,domain_rescue,"shared_pfam=PF01805,PF12230"
LSm2,Oxytricha_trifallax,divergent_homolog,g39407,7.22e-23,50.0,,False,domain_rescue,shared_pfam=PF01423
LSm3,Oxytricha_trifallax,divergent_homolog,g45840,2.26e-12,34.5,,False,domain_rescue,shared_pfam=PF01423
LSm4,Oxytricha_trifallax,divergent_homolog,g41941,1.76e-07,31.9,,False,domain_rescue,shared_pfam=PF01423
LSm5,Oxytricha_trifallax,divergent_homolog,g45840,8.25e-05,24.4,,False,domain_rescue,shared_pfam=PF01423
LSm6,Oxytricha_trifallax,divergent_homolog,g41078,1.28e-05,36.2,,False,domain_rescue,shared_pfam=PF01423
Prp4,Oxytricha_trifallax,divergent_homolog,g34916,7.19e-11,23.4,,False,domain_rescue,shared_pfam=PF00400
Bud13,Oxytricha_trifallax,divergent_homolog,g24134,2.05e-06,62.5,,False,domain_rescue,shared_pfam=PF09736
Pml1,Oxytricha_trifallax,divergent_homolog,g45255,9.71e-09,27.6,,False,domain_rescue,shared_pfam=PF00498
Prp38,Oxytricha_trifallax,divergent_homolog,g25291,8.43e-04,29.9,,False,domain_rescue,shared_pfam=PF03371
Clf1,Oxytricha_trifallax,divergent_homolog,g10613,5.63e-44,33.0,,False,domain_rescue,"shared_pfam=PF23233,PF23240"
Syf1,Oxytricha_trifallax,divergent_homolog,g6270,1.58e-44,23.7,,False,domain_rescue,"shared_pfam=PF23220,PF23231,PF23233"
Prp19,Oxytricha_trifallax,divergent_homolog,g10266,3.20e-15,22.8,,False,domain_rescue,shared_pfam=PF08606
Isy1,Oxytricha_trifallax,divergent_homolog,g14720,3.15e-11,27.2,,False,domain_rescue,shared_pfam=PF06246
Cwc2,Oxytricha_trifallax,divergent_homolog,g9827,1.23e-28,32.4,,False,domain_rescue,"shared_pfam=PF00076,PF16131"
Ecm2,Oxytricha_trifallax,divergent_homolog,g36093,7.43e-14,38.1,,False,domain_rescue,shared_pfam=PF21369
Prp45,Oxytricha_trifallax,divergent_homolog,g17927,1.12e-14,25.2,,False,domain_rescue,shared_pfam=PF02731
Prp46,Oxytricha_trifallax,divergent_homolog,g40981,1.36e-24,54.5,,False,domain_rescue,"shared_pfam=PF00400,PF23098"
Cwc21,Oxytricha_trifallax,divergent_homolog,g20308,5.37e-02,56.5,,False,domain_rescue,shared_pfam=PF08312
Cwc23,Oxytricha_trifallax,divergent_homolog,g22095,2.62e-08,39.0,,False,domain_rescue,shared_pfam=PF00226
Cwc24,Oxytricha_trifallax,divergent_homolog,g35778,1.36e-31,38.6,,False,domain_rescue,"shared_pfam=PF00642,PF13923"
Cwc27,Oxytricha_trifallax,divergent_homolog,g24547,1.38e-01,23.0,,False,domain_rescue,shared_pfam=PF00160
Yju2,Oxytricha_trifallax,divergent_homolog,g44327,7.70e-23,34.3,,False,domain_rescue,shared_pfam=PF04502
Prp17,Oxytricha_trifallax,divergent_homolog,g21902,1.35e-76,39.0,,False,domain_rescue,shared_pfam=PF00400
Prp18,Oxytricha_trifallax,divergent_homolog,g32052,7.96e-10,36.2,,False,domain_rescue,shared_pfam=PF02840
Slu7,Oxytricha_trifallax,divergent_homolog,g25677,2.41e-08,23.5,,False,domain_rescue,"shared_pfam=PF11708,PF30379"
Prp6,Oxytricha_trifallax,divergent_homolog,g26225,5.04e-21,20.7,,False,domain_rescue,"shared_pfam=PF06424,PF29376"
Ntr1,Oxytricha_trifallax,divergent_homolog,g9085,2.48e+00,41.5,,False,domain_rescue,shared_pfam=PF01585
Prp40,Oxytricha_trifallax,divergent_homolog,g3794,1.67e-10,22.6,,False,domain_rescue,shared_pfam=PF01846
Mud2,Oxytricha_trifallax,divergent_homolog,g28920,1.81e-04,32.0,,False,domain_rescue,shared_pfam=PF29326
Msl5,Oxytricha_trifallax,divergent_homolog,g25210,2.03e-28,33.0,,False,domain_rescue,"shared_pfam=PF00098,PF16275,PF22675"
Cus2,Oxytricha_trifallax,divergent_homolog,g26564,6.04e-15,29.7,,False,domain_rescue,shared_pfam=PF00076
Srp1,Oxytricha_trifallax,divergent_homolog,g42711,4.33e-20,33.8,,False,domain_rescue,"shared_pfam=PF00514,PF01749,PF16186"
Npl3,Oxytricha_trifallax,divergent_homolog,g19261,1.66e-06,32.8,,False,domain_rescue,shared_pfam=PF00076
Gbp2,Oxytricha_trifallax,divergent_homolog,g13181,3.11e-21,27.0,,False,domain_rescue,shared_pfam=PF00076
Hrb1,Oxytricha_trifallax,divergent_homolog,g22730,5.08e-17,26.7,,False,domain_rescue,shared_pfam=PF00076
Mud1,Ichthyophthirius_multifiliis,divergent_homolog,XP_004027443.1,3.46e-04,35.2,,False,domain_rescue,shared_pfam=PF00076
Snp1,Ichthyophthirius_multifiliis,divergent_homolog,XP_004030387.1,5.36e-20,31.1,,False,domain_rescue,"shared_pfam=PF00076,PF12220"
Prp39,Ichthyophthirius_multifiliis,divergent_homolog,XP_004039711.1,3.00e-02,26.3,,False,domain_rescue,"shared_pfam=PF23240,PF23241"
Nam8,Ichthyophthirius_multifiliis,divergent_homolog,XP_004030441.1,2.04e-12,42.7,,False,domain_rescue,shared_pfam=PF00076
Luc7,Ichthyophthirius_multifiliis,divergent_homolog,XP_004036852.1,3.48e-05,36.0,,False,domain_rescue,shared_pfam=PF03194
SmF,Ichthyophthirius_multifiliis,divergent_homolog,XP_004035878.1,4.90e-04,32.7,,False,domain_rescue,shared_pfam=PF01423
SmG,Ichthyophthirius_multifiliis,divergent_homolog,XP_004035600.1,3.64e-18,43.8,,False,domain_rescue,shared_pfam=PF01423
Lea1,Ichthyophthirius_multifiliis,divergent_homolog,XP_004027206.1,3.34e-10,28.3,,False,domain_rescue,shared_pfam=PF14580
Cus1,Ichthyophthirius_multifiliis,divergent_homolog,XP_004030785.1,1.01e-38,36.7,,False,domain_rescue,"shared_pfam=PF04037,PF04046"
Hsh49,Ichthyophthirius_multifiliis,divergent_homolog,XP_004030047.1,1.05e-37,38.8,,False,domain_rescue,shared_pfam=PF00076
Ysf3,Ichthyophthirius_multifiliis,divergent_homolog,XP_004031295.1,7.99e-06,29.3,,False,domain_rescue,shared_pfam=PF07189
LSm8,Ichthyophthirius_multifiliis,divergent_homolog,XP_004025206.1,1.72e-03,27.6,,False,domain_rescue,shared_pfam=PF01423
LSm2,Ichthyophthirius_multifiliis,divergent_homolog,XP_004034765.1,5.71e-07,34.2,,False,domain_rescue,shared_pfam=PF01423
LSm3,Ichthyophthirius_multifiliis,divergent_homolog,XP_004035878.1,1.59e-06,31.5,,False,domain_rescue,shared_pfam=PF01423
LSm4,Ichthyophthirius_multifiliis,divergent_homolog,XP_004034765.1,6.56e-02,32.5,,False,domain_rescue,shared_pfam=PF01423
LSm7,Ichthyophthirius_multifiliis,divergent_homolog,XP_004035600.1,2.40e-06,37.0,,False,domain_rescue,shared_pfam=PF01423
Prp31,Ichthyophthirius_multifiliis,divergent_homolog,XP_004032506.1,1.39e-33,30.7,,False,domain_rescue,"shared_pfam=PF01798,PF09785"
Prp3,Ichthyophthirius_multifiliis,divergent_homolog,XP_004027170.1,3.01e-20,32.6,,False,domain_rescue,"shared_pfam=PF06544,PF08572"
Prp4,Ichthyophthirius_multifiliis,divergent_homolog,XP_004024290.1,1.37e-16,24.8,,False,domain_rescue,shared_pfam=PF00400
Snu17,Ichthyophthirius_multifiliis,divergent_homolog,XP_004030047.1,5.16e-11,27.7,,False,domain_rescue,shared_pfam=PF00076
Bud13,Ichthyophthirius_multifiliis,divergent_homolog,XP_004040201.1,7.44e-05,55.2,,False,domain_rescue,shared_pfam=PF09736
Pml1,Ichthyophthirius_multifiliis,divergent_homolog,XP_004032421.1,8.35e-02,21.8,,False,domain_rescue,shared_pfam=PF00498
Syf1,Ichthyophthirius_multifiliis,divergent_homolog,XP_004024009.1,1.08e-15,23.3,,False,domain_rescue,"shared_pfam=PF23231,PF23233"
Isy1,Ichthyophthirius_multifiliis,divergent_homolog,XP_004039727.1,4.82e-06,27.8,,False,domain_rescue,shared_pfam=PF06246
Bud31,Ichthyophthirius_multifiliis,divergent_homolog,XP_004040074.1,1.41e-48,48.4,,False,domain_rescue,shared_pfam=PF01125
Cwc2,Ichthyophthirius_multifiliis,divergent_homolog,XP_004027328.1,1.65e-12,27.6,,False,domain_rescue,shared_pfam=PF16131
Prp46,Ichthyophthirius_multifiliis,divergent_homolog,XP_004024217.1,3.32e-31,66.3,,False,domain_rescue,"shared_pfam=PF00400,PF23098"
Cwc22,Ichthyophthirius_multifiliis,divergent_homolog,XP_004034814.1,3.54e-33,24.6,,False,domain_rescue,shared_pfam=PF02847
Cwc23,Ichthyophthirius_multifiliis,divergent_homolog,XP_004037179.1,2.43e-10,32.9,,False,domain_rescue,shared_pfam=PF00226
Cwc24,Ichthyophthirius_multifiliis,divergent_homolog,XP_004030860.1,1.31e-15,50.0,,False,domain_rescue,shared_pfam=PF00642
Cwc27,Ichthyophthirius_multifiliis,divergent_homolog,XP_004029773.1,4.81e-16,29.6,,False,domain_rescue,shared_pfam=PF00160
Yju2,Ichthyophthirius_multifiliis,divergent_homolog,XP_004024088.1,1.46e-25,40.1,,False,domain_rescue,shared_pfam=PF04502
Prp17,Ichthyophthirius_multifiliis,divergent_homolog,XP_004034525.1,1.82e-76,38.6,,False,domain_rescue,shared_pfam=PF00400
Prp18,Ichthyophthirius_multifiliis,divergent_homolog,XP_004035872.1,4.34e-14,40.6,,False,domain_rescue,shared_pfam=PF02840
Slu7,Ichthyophthirius_multifiliis,divergent_homolog,XP_004030790.1,1.32e-05,23.2,,False,domain_rescue,"shared_pfam=PF11708,PF30379"
Prp6,Ichthyophthirius_multifiliis,divergent_homolog,XP_004034627.1,2.51e-35,33.1,,False,domain_rescue,"shared_pfam=PF06424,PF29376"
Prp40,Ichthyophthirius_multifiliis,divergent_homolog,XP_004035420.1,2.07e-16,27.6,,False,domain_rescue,shared_pfam=PF01846
Mud2,Ichthyophthirius_multifiliis,divergent_homolog,XP_004036727.1,1.78e-05,31.4,,False,domain_rescue,shared_pfam=PF29326
Msl5,Ichthyophthirius_multifiliis,divergent_homolog,XP_004037355.1,1.53e-28,29.2,,False,domain_rescue,"shared_pfam=PF16275,PF22675"
Cus2,Ichthyophthirius_multifiliis,divergent_homolog,XP_004024973.1,2.00e-24,32.6,,False,domain_rescue,shared_pfam=PF00076
Npl3,Ichthyophthirius_multifiliis,divergent_homolog,XP_004024323.1,2.38e-05,29.5,,False,domain_rescue,shared_pfam=PF00076
Gbp2,Ichthyophthirius_multifiliis,divergent_homolog,XP_004031784.1,2.83e-13,24.1,,False,domain_rescue,shared_pfam=PF00076
Hrb1,Ichthyophthirius_multifiliis,divergent_homolog,XP_004024323.1,5.06e-10,37.2,,False,domain_rescue,shared_pfam=PF00076
Hrp1,Ichthyophthirius_multifiliis,divergent_homolog,XP_004030047.1,4.36e-21,31.2,,False,domain_rescue,shared_pfam=PF00076
DBR1,Ichthyophthirius_multifiliis,divergent_homolog,XP_004027286.1,5.23e-19,24.7,,False,domain_rescue,shared_pfam=PF05011
Mud1,Stylonychia_lemnae,divergent_homolog,Contig4483.g4783,5.73e+00,36.2,,False,domain_rescue,shared_pfam=PF00076
Snp1,Stylonychia_lemnae,divergent_homolog,Contig8771.g9361,3.48e-18,31.6,,False,domain_rescue,"shared_pfam=PF00076,PF12220"
Prp39,Stylonychia_lemnae,divergent_homolog,Contig1229.g1348,1.24e+00,17.3,,False,domain_rescue,"shared_pfam=PF23240,PF23241"
Prp42,Stylonychia_lemnae,divergent_homolog,Contig1229.g1348,1.04e+00,25.2,,False,domain_rescue,"shared_pfam=PF23240,PF23241"
Nam8,Stylonychia_lemnae,divergent_homolog,Contig8166.g8709,1.43e-18,34.8,,False,domain_rescue,shared_pfam=PF00076
Luc7,Stylonychia_lemnae,divergent_homolog,Contig11886.g12719,3.64e-17,25.7,,False,domain_rescue,shared_pfam=PF03194
SmB,Stylonychia_lemnae,divergent_homolog,Contig5395.g5772,1.11e-05,38.9,,False,domain_rescue,shared_pfam=PF01423
SmD1,Stylonychia_lemnae,divergent_homolog,Contig8677.g9270,1.54e-16,41.5,,False,domain_rescue,shared_pfam=PF01423
SmF,Stylonychia_lemnae,divergent_homolog,Contig11862.g12694,5.13e-19,52.8,,False,domain_rescue,shared_pfam=PF01423
Msl1,Stylonychia_lemnae,divergent_homolog,Contig7165.g7671,1.25e-12,38.0,,False,domain_rescue,shared_pfam=PF13893
Lea1,Stylonychia_lemnae,divergent_homolog,Contig8266.g8813,6.70e-13,33.3,,False,domain_rescue,shared_pfam=PF14580
Rse1,Stylonychia_lemnae,divergent_homolog,Contig8375.g8933,2.71e-68,23.7,,False,domain_rescue,"shared_pfam=PF03178,PF10433,PF23726"
Cus1,Stylonychia_lemnae,divergent_homolog,Contig3090.g3300,2.28e-39,36.4,,False,domain_rescue,"shared_pfam=PF04037,PF04046"
Hsh49,Stylonychia_lemnae,divergent_homolog,Contig831.g907,1.97e-31,32.3,,False,domain_rescue,shared_pfam=PF00076
Prp11,Stylonychia_lemnae,divergent_homolog,Contig6197.g6626,7.74e-24,28.7,,False,domain_rescue,"shared_pfam=PF12874,PF16835"
pRP21,Stylonychia_lemnae,divergent_homolog,Contig16156.g17218,5.18e-06,24.3,,False,domain_rescue,"shared_pfam=PF01805,PF12230"
LSm2,Stylonychia_lemnae,divergent_homolog,Contig8677.g9270,4.05e-04,29.6,,False,domain_rescue,shared_pfam=PF01423
LSm3,Stylonychia_lemnae,divergent_homolog,Contig17327.g18444,4.66e-07,37.7,,False,domain_rescue,shared_pfam=PF01423
LSm4,Stylonychia_lemnae,divergent_homolog,Contig3431.g3668,7.95e-04,36.6,,False,domain_rescue,shared_pfam=PF01423
LSm5,Stylonychia_lemnae,divergent_homolog,Contig17288.g18411,1.18e-09,35.8,,False,domain_rescue,shared_pfam=PF01423
LSm6,Stylonychia_lemnae,divergent_homolog,Contig11862.g12694,1.51e-03,47.5,,False,domain_rescue,shared_pfam=PF01423
Prp31,Stylonychia_lemnae,divergent_homolog,Contig13948.g14883,3.36e-32,29.8,,False,domain_rescue,"shared_pfam=PF01798,PF09785"
Prp3,Stylonychia_lemnae,divergent_homolog,Contig8412.g8968,1.00e-21,28.4,,False,domain_rescue,"shared_pfam=PF06544,PF08572"
Prp4,Stylonychia_lemnae,divergent_homolog,Contig19278.g20436,9.20e-23,27.2,,False,domain_rescue,shared_pfam=PF00400
Bud13,Stylonychia_lemnae,divergent_homolog,Contig19811.g21009,1.96e-08,67.7,,False,domain_rescue,shared_pfam=PF09736
Pml1,Stylonychia_lemnae,divergent_homolog,Contig2126.g2289,1.30e-07,26.5,,False,domain_rescue,shared_pfam=PF00498
Clf1,Stylonychia_lemnae,divergent_homolog,Contig16077.g17136,1.27e-56,40.8,,False,domain_rescue,"shared_pfam=PF23233,PF23240"
Syf1,Stylonychia_lemnae,divergent_homolog,Contig1654.g1803,4.87e-49,25.5,,False,domain_rescue,"shared_pfam=PF23220,PF23231,PF23233"
Prp19,Stylonychia_lemnae,divergent_homolog,Contig3324.g3555,6.39e-17,22.3,,False,domain_rescue,shared_pfam=PF08606
Isy1,Stylonychia_lemnae,divergent_homolog,Contig12867.g13729,1.58e-10,31.5,,False,domain_rescue,shared_pfam=PF06246
Cwc2,Stylonychia_lemnae,divergent_homolog,Contig19198.g20355,7.91e-28,30.6,,False,domain_rescue,shared_pfam=PF16131
Ecm2,Stylonychia_lemnae,divergent_homolog,Contig17286.g18408,7.51e-10,40.3,,False,domain_rescue,shared_pfam=PF21369
Prp45,Stylonychia_lemnae,divergent_homolog,Contig16734.g17827,2.98e-13,23.2,,False,domain_rescue,shared_pfam=PF02731
Cwc21,Stylonychia_lemnae,divergent_homolog,Contig3033.g3239,1.83e-04,28.5,,False,domain_rescue,shared_pfam=PF08312
Cwc23,Stylonychia_lemnae,divergent_homolog,Contig2347.g2528,4.83e-08,36.4,,False,domain_rescue,shared_pfam=PF00226
Cwc24,Stylonychia_lemnae,divergent_homolog,Contig12331.g13163,3.71e-32,38.3,,False,domain_rescue,"shared_pfam=PF00642,PF13923"
Cwc27,Stylonychia_lemnae,divergent_homolog,Contig18569.g19737,4.56e-05,28.4,,False,domain_rescue,shared_pfam=PF00160
Yju2,Stylonychia_lemnae,divergent_homolog,Contig3535.g3772,1.69e-23,35.6,,False,domain_rescue,shared_pfam=PF04502
Prp17,Stylonychia_lemnae,divergent_homolog,Contig15059.g16049,6.27e-77,34.2,,False,domain_rescue,shared_pfam=PF00400
Prp18,Stylonychia_lemnae,divergent_homolog,Contig4908.g5245,8.03e-10,37.2,,False,domain_rescue,shared_pfam=PF02840
Slu7,Stylonychia_lemnae,divergent_homolog,Contig10186.g10878,1.94e-08,22.1,,False,domain_rescue,"shared_pfam=PF11708,PF30379"
Prp6,Stylonychia_lemnae,divergent_homolog,Contig19096.g20251,2.21e-26,21.9,,False,domain_rescue,"shared_pfam=PF06424,PF29376"
Prp40,Stylonychia_lemnae,divergent_homolog,Contig13126.g14001,6.17e-10,22.6,,False,domain_rescue,shared_pfam=PF01846
Mud2,Stylonychia_lemnae,divergent_homolog,Contig8011.g8541,5.18e-06,33.0,,False,domain_rescue,shared_pfam=PF29326
Cus2,Stylonychia_lemnae,divergent_homolog,Contig13334.g14236,1.84e-19,31.5,,False,domain_rescue,shared_pfam=PF00076
Srp1,Stylonychia_lemnae,divergent_homolog,Contig10144.g10841,6.67e-16,46.5,,False,domain_rescue,"shared_pfam=PF00514,PF01749,PF16186"
Npl3,Stylonychia_lemnae,divergent_homolog,Contig19067.g20214,1.41e-06,30.7,,False,domain_rescue,shared_pfam=PF00076
Gbp2,Stylonychia_lemnae,divergent_homolog,Contig10901.g11653,1.51e-16,24.7,,False,domain_rescue,shared_pfam=PF00076
Mud1,Paramecium_octaurelia,divergent_homolog,CAD8152088.1,3.55e-03,45.1,,False,domain_rescue,shared_pfam=PF00076
Yhc1,Paramecium_octaurelia,divergent_homolog,CAD8151777.1,3.22e-08,47.8,,False,domain_rescue,shared_pfam=PF06220
Nam8,Paramecium_octaurelia,divergent_homolog,CAD8149259.1,2.52e-09,27.8,,False,domain_rescue,shared_pfam=PF00076
Luc7,Paramecium_octaurelia,divergent_homolog,CAD8164492.1,1.59e-09,22.3,,False,domain_rescue,shared_pfam=PF03194
SmD1,Paramecium_octaurelia,divergent_homolog,CAD8152016.1,3.34e-19,39.8,,False,domain_rescue,shared_pfam=PF01423
SmF,Paramecium_octaurelia,divergent_homolog,CAD8145326.1,8.38e-21,45.0,,False,domain_rescue,shared_pfam=PF01423
SmG,Paramecium_octaurelia,divergent_homolog,CAD8154182.1,2.96e-10,33.7,,False,domain_rescue,shared_pfam=PF01423
Msl1,Paramecium_octaurelia,divergent_homolog,CAD8152088.1,7.30e-15,46.8,,False,domain_rescue,shared_pfam=PF13893
Lea1,Paramecium_octaurelia,divergent_homolog,CAD8147657.1,2.88e-13,30.6,,False,domain_rescue,shared_pfam=PF14580
Rse1,Paramecium_octaurelia,divergent_homolog,CAD8148618.1,3.91e-54,22.1,,False,domain_rescue,"shared_pfam=PF03178,PF10433,PF23726"
Cus1,Paramecium_octaurelia,divergent_homolog,CAD8197789.1,3.49e-34,33.8,,False,domain_rescue,"shared_pfam=PF04037,PF04046"
Prp9,Paramecium_octaurelia,divergent_homolog,CAD8199582.1,3.75e-37,28.7,,False,domain_rescue,"shared_pfam=PF11931,PF12171,PF16837"
Prp11,Paramecium_octaurelia,divergent_homolog,CAD8192761.1,3.30e-13,25.9,,False,domain_rescue,"shared_pfam=PF12874,PF16835"
pRP21,Paramecium_octaurelia,divergent_homolog,CAD8149241.1,7.81e-11,23.2,,False,domain_rescue,"shared_pfam=PF01805,PF12230"
LSm8,Paramecium_octaurelia,divergent_homolog,CAD8145680.1,2.61e-02,31.0,,False,domain_rescue,shared_pfam=PF01423
LSm2,Paramecium_octaurelia,divergent_homolog,CAD8133507.1,4.40e-14,35.8,,False,domain_rescue,shared_pfam=PF01423
LSm3,Paramecium_octaurelia,divergent_homolog,CAD8163672.1,9.93e-14,37.7,,False,domain_rescue,shared_pfam=PF01423
LSm4,Paramecium_octaurelia,divergent_homolog,CAD8148620.1,7.31e-05,32.2,,False,domain_rescue,shared_pfam=PF01423
LSm6,Paramecium_octaurelia,divergent_homolog,CAD8173126.1,1.40e-10,40.3,,False,domain_rescue,shared_pfam=PF01423
LSm7,Paramecium_octaurelia,divergent_homolog,CAD8154182.1,1.04e-04,29.5,,False,domain_rescue,shared_pfam=PF01423
Prp3,Paramecium_octaurelia,divergent_homolog,CAD8148974.1,5.29e-20,25.8,,False,domain_rescue,"shared_pfam=PF06544,PF08572"
Prp4,Paramecium_octaurelia,divergent_homolog,CAD8213715.1,5.08e-12,24.5,,False,domain_rescue,shared_pfam=PF00400
Bud13,Paramecium_octaurelia,divergent_homolog,CAD8141677.1,1.75e-07,50.8,,False,domain_rescue,shared_pfam=PF09736
Pml1,Paramecium_octaurelia,divergent_homolog,CAD8208423.1,3.25e-13,31.4,,False,domain_rescue,shared_pfam=PF00498
Prp38,Paramecium_octaurelia,divergent_homolog,CAD8140089.1,1.19e-01,29.2,,False,domain_rescue,shared_pfam=PF03371
Clf1,Paramecium_octaurelia,divergent_homolog,CAD8136165.1,8.82e-49,32.1,,False,domain_rescue,"shared_pfam=PF23233,PF23240"
Syf1,Paramecium_octaurelia,divergent_homolog,CAD8151307.1,6.24e-41,24.0,,False,domain_rescue,"shared_pfam=PF23220,PF23231,PF23233"
Isy1,Paramecium_octaurelia,divergent_homolog,CAD8183510.1,4.38e-06,28.0,,False,domain_rescue,shared_pfam=PF06246
Cwc2,Paramecium_octaurelia,divergent_homolog,CAD8131923.1,3.18e-32,33.9,,False,domain_rescue,"shared_pfam=PF00076,PF16131"
Ecm2,Paramecium_octaurelia,divergent_homolog,CAD8142609.1,5.43e-11,37.8,,False,domain_rescue,shared_pfam=PF21369
Prp45,Paramecium_octaurelia,divergent_homolog,CAD8167329.1,4.47e-16,25.4,,False,domain_rescue,shared_pfam=PF02731
Cwc21,Paramecium_octaurelia,divergent_homolog,CAD8162842.1,2.07e-01,60.9,,False,domain_rescue,shared_pfam=PF08312
Cwc23,Paramecium_octaurelia,divergent_homolog,CAD8178403.1,1.26e-07,40.5,,False,domain_rescue,shared_pfam=PF00226
Cwc24,Paramecium_octaurelia,divergent_homolog,CAD8145101.1,2.01e-25,32.9,,False,domain_rescue,"shared_pfam=PF00642,PF13923"
Cwc27,Paramecium_octaurelia,divergent_homolog,CAD8184425.1,2.59e-10,25.4,,False,domain_rescue,shared_pfam=PF00160
Yju2,Paramecium_octaurelia,divergent_homolog,CAD8171100.1,3.04e-18,36.1,,False,domain_rescue,shared_pfam=PF04502
Prp18,Paramecium_octaurelia,divergent_homolog,CAD8170433.1,1.86e-11,48.1,,False,domain_rescue,shared_pfam=PF02840
Slu7,Paramecium_octaurelia,divergent_homolog,CAD8142075.1,6.30e-14,24.9,,False,domain_rescue,"shared_pfam=PF11708,PF30379"
Prp6,Paramecium_octaurelia,divergent_homolog,CAD8135160.1,8.79e-26,29.9,,False,domain_rescue,"shared_pfam=PF06424,PF29376"
Snu66,Paramecium_octaurelia,divergent_homolog,CAD8163217.1,1.07e-01,45.1,,False,domain_rescue,shared_pfam=PF03343
Snu23,Paramecium_octaurelia,divergent_homolog,CAD8147075.1,5.82e-02,27.7,,False,domain_rescue,shared_pfam=PF12874
Ntr1,Paramecium_octaurelia,divergent_homolog,CAD8184537.1,1.78e+00,43.3,,False,domain_rescue,shared_pfam=PF01585
Prp40,Paramecium_octaurelia,divergent_homolog,CAD8191345.1,1.15e-13,26.5,,False,domain_rescue,"shared_pfam=PF00397,PF01846"
Mud2,Paramecium_octaurelia,divergent_homolog,CAD8186546.1,4.57e-04,30.4,,False,domain_rescue,shared_pfam=PF29326
Cus2,Paramecium_octaurelia,divergent_homolog,CAD8151449.1,7.88e-11,28.5,,False,domain_rescue,shared_pfam=PF00076
Srp1,Paramecium_octaurelia,divergent_homolog,CAD8149733.1,6.02e-14,37.5,,False,domain_rescue,"shared_pfam=PF00514,PF16186"
Npl3,Paramecium_octaurelia,divergent_homolog,CAD8193502.1,9.98e-06,30.6,,False,domain_rescue,shared_pfam=PF00076
Gbp2,Paramecium_octaurelia,divergent_homolog,CAD8213142.1,5.23e-15,27.9,,False,domain_rescue,shared_pfam=PF00076
Hrb1,Paramecium_octaurelia,divergent_homolog,CAD8213142.1,4.60e-14,26.4,,False,domain_rescue,shared_pfam=PF00076
Cwc25,Paramecium_octaurelia,divergent_homolog,CAD8162193.1,1.09e+00,33.0,,False,domain_rescue,"shared_pfam=PF10197,PF12542"
DBR1,Paramecium_octaurelia,divergent_homolog,CAD8149605.1,4.07e-59,35.7,,False,domain_rescue,"shared_pfam=PF00149,PF05011"
Mud1,Paramecium_pentaurelia,divergent_homolog,CAD8181476.1,8.52e-04,45.1,,False,domain_rescue,shared_pfam=PF00076
Yhc1,Paramecium_pentaurelia,divergent_homolog,CAD8161917.1,3.33e-08,47.8,,False,domain_rescue,shared_pfam=PF06220
Nam8,Paramecium_pentaurelia,divergent_homolog,CAD8173853.1,2.61e-09,27.8,,False,domain_rescue,shared_pfam=PF00076
Luc7,Paramecium_pentaurelia,divergent_homolog,CAD8183563.1,4.23e-09,21.8,,False,domain_rescue,shared_pfam=PF03194
SmD1,Paramecium_pentaurelia,divergent_homolog,CAD8168900.1,3.46e-19,39.8,,False,domain_rescue,shared_pfam=PF01423
SmF,Paramecium_pentaurelia,divergent_homolog,CAD8153461.1,8.68e-21,45.0,,False,domain_rescue,shared_pfam=PF01423
SmG,Paramecium_pentaurelia,divergent_homolog,CAD8158426.1,3.07e-10,33.7,,False,domain_rescue,shared_pfam=PF01423
Msl1,Paramecium_pentaurelia,divergent_homolog,CAD8187100.1,1.47e-14,45.6,,False,domain_rescue,shared_pfam=PF13893
Lea1,Paramecium_pentaurelia,divergent_homolog,CAD8151017.1,2.17e-13,30.6,,False,domain_rescue,shared_pfam=PF14580
Rse1,Paramecium_pentaurelia,divergent_homolog,CAD8164000.1,2.83e-53,21.8,,False,domain_rescue,"shared_pfam=PF03178,PF10433,PF23726"
Cus1,Paramecium_pentaurelia,divergent_homolog,CAD8202463.1,9.27e-34,33.8,,False,domain_rescue,"shared_pfam=PF04037,PF04046"
Prp9,Paramecium_pentaurelia,divergent_homolog,CAD8190597.1,2.54e-36,28.4,,False,domain_rescue,"shared_pfam=PF11931,PF12171,PF16837"
Prp11,Paramecium_pentaurelia,divergent_homolog,CAD8211512.1,2.49e-13,26.3,,False,domain_rescue,"shared_pfam=PF12874,PF16835"
pRP21,Paramecium_pentaurelia,divergent_homolog,CAD8154244.1,6.34e-10,22.8,,False,domain_rescue,"shared_pfam=PF01805,PF12230"
LSm8,Paramecium_pentaurelia,divergent_homolog,CAD8158680.1,5.26e-02,31.0,,False,domain_rescue,shared_pfam=PF01423
LSm2,Paramecium_pentaurelia,divergent_homolog,CAD8139327.1,4.56e-14,35.8,,False,domain_rescue,shared_pfam=PF01423
LSm3,Paramecium_pentaurelia,divergent_homolog,CAD8159289.1,4.14e-13,37.7,,False,domain_rescue,shared_pfam=PF01423
LSm4,Paramecium_pentaurelia,divergent_homolog,CAD8154885.1,5.51e-05,30.0,,False,domain_rescue,shared_pfam=PF01423
LSm6,Paramecium_pentaurelia,divergent_homolog,CAD8162060.1,5.10e-11,41.3,,False,domain_rescue,shared_pfam=PF01423
LSm7,Paramecium_pentaurelia,divergent_homolog,CAD8158426.1,1.08e-04,29.5,,False,domain_rescue,shared_pfam=PF01423
Prp3,Paramecium_pentaurelia,divergent_homolog,CAD8163714.1,5.41e-20,25.2,,False,domain_rescue,"shared_pfam=PF06544,PF08572"
Prp4,Paramecium_pentaurelia,divergent_homolog,CAD8192231.1,5.25e-11,24.5,,False,domain_rescue,shared_pfam=PF00400
Bud13,Paramecium_pentaurelia,divergent_homolog,CAD8136368.1,7.89e-07,49.2,,False,domain_rescue,shared_pfam=PF09736
Pml1,Paramecium_pentaurelia,divergent_homolog,CAD8211050.1,3.52e-13,31.1,,False,domain_rescue,shared_pfam=PF00498
Prp38,Paramecium_pentaurelia,divergent_homolog,CAD8146269.1,2.82e-02,23.9,,False,domain_rescue,shared_pfam=PF03371
Clf1,Paramecium_pentaurelia,divergent_homolog,CAD8132234.1,9.13e-49,32.1,,False,domain_rescue,"shared_pfam=PF23233,PF23240"
Syf1,Paramecium_pentaurelia,divergent_homolog,CAD8162310.1,4.85e-41,23.6,,False,domain_rescue,"shared_pfam=PF23220,PF23231,PF23233"
Isy1,Paramecium_pentaurelia,divergent_homolog,CAD8169051.1,1.48e-05,28.0,,False,domain_rescue,shared_pfam=PF06246
Cwc2,Paramecium_pentaurelia,divergent_homolog,CAD8140610.1,3.29e-32,32.4,,False,domain_rescue,"shared_pfam=PF00076,PF16131"
Ecm2,Paramecium_pentaurelia,divergent_homolog,CAD8131916.1,7.53e-11,36.6,,False,domain_rescue,shared_pfam=PF21369
Prp45,Paramecium_pentaurelia,divergent_homolog,CAD8133276.1,1.74e-17,26.2,,False,domain_rescue,shared_pfam=PF02731
Cwc21,Paramecium_pentaurelia,divergent_homolog,CAD8176037.1,2.15e-01,60.9,,False,domain_rescue,shared_pfam=PF08312
Cwc23,Paramecium_pentaurelia,divergent_homolog,CAD8200238.1,2.09e-08,32.9,,False,domain_rescue,shared_pfam=PF00226
Cwc24,Paramecium_pentaurelia,divergent_homolog,CAD8176891.1,5.72e-25,33.3,,False,domain_rescue,"shared_pfam=PF00642,PF13923"
Cwc27,Paramecium_pentaurelia,divergent_homolog,CAD8206521.1,8.39e-11,27.0,,False,domain_rescue,shared_pfam=PF00160
Yju2,Paramecium_pentaurelia,divergent_homolog,CAD8170960.1,3.06e-18,36.1,,False,domain_rescue,shared_pfam=PF04502
Prp17,Paramecium_pentaurelia,divergent_homolog,CAD8171248.1,1.26e-77,39.2,,False,domain_rescue,shared_pfam=PF00400
Prp18,Paramecium_pentaurelia,divergent_homolog,CAD8188709.1,2.67e-11,48.1,,False,domain_rescue,shared_pfam=PF02840
Slu7,Paramecium_pentaurelia,divergent_homolog,CAD8148657.1,2.81e-13,24.9,,False,domain_rescue,"shared_pfam=PF11708,PF30379"
Prp6,Paramecium_pentaurelia,divergent_homolog,CAD8137704.1,5.24e-26,29.9,,False,domain_rescue,"shared_pfam=PF06424,PF29376"
Snu66,Paramecium_pentaurelia,divergent_homolog,CAD8155928.1,3.05e+00,45.9,,False,domain_rescue,shared_pfam=PF03343
Snu23,Paramecium_pentaurelia,divergent_homolog,CAD8147830.1,6.03e-02,27.7,,False,domain_rescue,shared_pfam=PF12874
Prp40,Paramecium_pentaurelia,divergent_homolog,CAD8188499.1,2.58e-12,25.8,,False,domain_rescue,"shared_pfam=PF00397,PF01846"
Mud2,Paramecium_pentaurelia,divergent_homolog,CAD8181360.1,3.60e-04,30.4,,False,domain_rescue,shared_pfam=PF29326
Cus2,Paramecium_pentaurelia,divergent_homolog,CAD8162182.1,8.91e-09,43.1,,False,domain_rescue,shared_pfam=PF00076
Srp1,Paramecium_pentaurelia,divergent_homolog,CAD8174198.1,1.15e-14,38.1,,False,domain_rescue,"shared_pfam=PF00514,PF01749,PF16186"
Npl3,Paramecium_pentaurelia,divergent_homolog,CAD8171956.1,1.03e-05,30.6,,False,domain_rescue,shared_pfam=PF00076
Gbp2,Paramecium_pentaurelia,divergent_homolog,CAD8165236.1,2.26e-14,27.9,,False,domain_rescue,shared_pfam=PF00076
Hrb1,Paramecium_pentaurelia,divergent_homolog,CAD8165236.1,6.10e-13,25.3,,False,domain_rescue,shared_pfam=PF00076
Cwc25,Paramecium_pentaurelia,divergent_homolog,CAD8193997.1,1.13e+00,33.0,,False,domain_rescue,"shared_pfam=PF10197,PF12542"
DBR1,Paramecium_pentaurelia,divergent_homolog,CAD8153894.1,3.08e-59,34.8,,False,domain_rescue,"shared_pfam=PF00149,PF05011"
Mud1,Paramecium_primaurelia,divergent_homolog,CAD8080657.1,7.70e-04,45.1,,False,domain_rescue,shared_pfam=PF00076
Yhc1,Paramecium_primaurelia,divergent_homolog,CAD8060979.1,3.01e-08,47.8,,False,domain_rescue,shared_pfam=PF06220
Nam8,Paramecium_primaurelia,divergent_homolog,CAD8073103.1,2.36e-09,27.8,,False,domain_rescue,shared_pfam=PF00076
Luc7,Paramecium_primaurelia,divergent_homolog,CAD8083197.1,3.87e-09,21.8,,False,domain_rescue,shared_pfam=PF03194
SmD1,Paramecium_primaurelia,divergent_homolog,CAD8072098.1,3.13e-19,39.8,,False,domain_rescue,shared_pfam=PF01423
SmF,Paramecium_primaurelia,divergent_homolog,CAD8058213.1,7.85e-21,45.0,,False,domain_rescue,shared_pfam=PF01423
SmG,Paramecium_primaurelia,divergent_homolog,CAD8056525.1,2.78e-10,33.7,,False,domain_rescue,shared_pfam=PF01423
Msl1,Paramecium_primaurelia,divergent_homolog,CAD8080657.1,1.33e-14,45.6,,False,domain_rescue,shared_pfam=PF13893
Lea1,Paramecium_primaurelia,divergent_homolog,CAD8051505.1,1.96e-13,30.6,,False,domain_rescue,shared_pfam=PF14580
Rse1,Paramecium_primaurelia,divergent_homolog,CAD8064521.1,2.56e-53,21.8,,False,domain_rescue,"shared_pfam=PF03178,PF10433,PF23726"
Cus1,Paramecium_primaurelia,divergent_homolog,CAD8104747.1,8.39e-34,33.8,,False,domain_rescue,"shared_pfam=PF04037,PF04046"
Prp9,Paramecium_primaurelia,divergent_homolog,CAD8097317.1,2.29e-36,28.4,,False,domain_rescue,"shared_pfam=PF11931,PF12171,PF16837"
Prp11,Paramecium_primaurelia,divergent_homolog,CAD8114004.1,2.25e-13,26.3,,False,domain_rescue,"shared_pfam=PF12874,PF16835"
pRP21,Paramecium_primaurelia,divergent_homolog,CAD8073125.1,7.31e-11,23.2,,False,domain_rescue,"shared_pfam=PF01805,PF12230"
LSm8,Paramecium_primaurelia,divergent_homolog,CAD8067624.1,4.76e-02,31.0,,False,domain_rescue,shared_pfam=PF01423
LSm2,Paramecium_primaurelia,divergent_homolog,CAD8044933.1,4.12e-14,35.8,,False,domain_rescue,shared_pfam=PF01423
LSm3,Paramecium_primaurelia,divergent_homolog,CAD8073866.1,3.75e-13,37.7,,False,domain_rescue,shared_pfam=PF01423
LSm4,Paramecium_primaurelia,divergent_homolog,CAD8072098.1,7.21e-04,31.6,,False,domain_rescue,shared_pfam=PF01423
LSm6,Paramecium_primaurelia,divergent_homolog,CAD8067173.1,4.62e-11,41.3,,False,domain_rescue,shared_pfam=PF01423
LSm7,Paramecium_primaurelia,divergent_homolog,CAD8056525.1,9.74e-05,29.5,,False,domain_rescue,shared_pfam=PF01423
Prp3,Paramecium_primaurelia,divergent_homolog,CAD8064217.1,4.89e-20,25.2,,False,domain_rescue,"shared_pfam=PF06544,PF08572"
Prp4,Paramecium_primaurelia,divergent_homolog,CAD8097794.1,3.44e-11,24.5,,False,domain_rescue,shared_pfam=PF00400
Bud13,Paramecium_primaurelia,divergent_homolog,CAD8043466.1,7.14e-07,49.2,,False,domain_rescue,shared_pfam=PF09736
Pml1,Paramecium_primaurelia,divergent_homolog,CAD8115423.1,3.19e-13,31.1,,False,domain_rescue,shared_pfam=PF00498
Prp38,Paramecium_primaurelia,divergent_homolog,CAD8047108.1,2.53e-02,23.9,,False,domain_rescue,shared_pfam=PF03371
Syf1,Paramecium_primaurelia,divergent_homolog,CAD8066913.1,4.39e-41,23.6,,False,domain_rescue,"shared_pfam=PF23220,PF23231,PF23233"
Isy1,Paramecium_primaurelia,divergent_homolog,CAD8071918.1,1.34e-05,28.0,,False,domain_rescue,shared_pfam=PF06246
Cwc2,Paramecium_primaurelia,divergent_homolog,CAD8111044.1,3.19e-02,29.6,,False,domain_rescue,shared_pfam=PF00076
Ecm2,Paramecium_primaurelia,divergent_homolog,CAD8044003.1,6.81e-11,36.6,,False,domain_rescue,shared_pfam=PF21369
Prp45,Paramecium_primaurelia,divergent_homolog,CAD8063458.1,1.92e-18,26.7,,False,domain_rescue,shared_pfam=PF02731
Cwc21,Paramecium_primaurelia,divergent_homolog,CAD8078561.1,1.94e-01,60.9,,False,domain_rescue,shared_pfam=PF08312
Cwc23,Paramecium_primaurelia,divergent_homolog,CAD8100549.1,1.01e-08,28.4,,False,domain_rescue,shared_pfam=PF00226
Cwc24,Paramecium_primaurelia,divergent_homolog,CAD8109035.1,7.20e-25,33.3,,False,domain_rescue,"shared_pfam=PF00642,PF13923"
Cwc27,Paramecium_primaurelia,divergent_homolog,CAD8084974.1,1.02e-10,27.0,,False,domain_rescue,shared_pfam=PF00160
Yju2,Paramecium_primaurelia,divergent_homolog,CAD8052881.1,2.77e-18,36.1,,False,domain_rescue,shared_pfam=PF04502
Prp17,Paramecium_primaurelia,divergent_homolog,CAD8053233.1,1.13e-74,39.2,,False,domain_rescue,shared_pfam=PF00400
Prp18,Paramecium_primaurelia,divergent_homolog,CAD8093759.1,1.74e-11,48.1,,False,domain_rescue,shared_pfam=PF02840
Slu7,Paramecium_primaurelia,divergent_homolog,CAD8043691.1,1.87e-13,24.6,,False,domain_rescue,"shared_pfam=PF11708,PF30379"
Prp6,Paramecium_primaurelia,divergent_homolog,CAD8044193.1,4.74e-26,29.9,,False,domain_rescue,"shared_pfam=PF06424,PF29376"
Snu66,Paramecium_primaurelia,divergent_homolog,CAD8065773.1,2.76e+00,45.9,,False,domain_rescue,shared_pfam=PF03343
Snu23,Paramecium_primaurelia,divergent_homolog,CAD8054697.1,5.45e-02,27.7,,False,domain_rescue,shared_pfam=PF12874
Prp40,Paramecium_primaurelia,divergent_homolog,CAD8088267.1,2.32e-12,25.8,,False,domain_rescue,"shared_pfam=PF00397,PF01846"
Mud2,Paramecium_primaurelia,divergent_homolog,CAD8080772.1,3.25e-04,30.4,,False,domain_rescue,shared_pfam=PF29326
Cus2,Paramecium_primaurelia,divergent_homolog,CAD8067043.1,8.09e-09,43.1,,False,domain_rescue,shared_pfam=PF00076
Srp1,Paramecium_primaurelia,divergent_homolog,CAD8072786.1,1.04e-14,38.1,,False,domain_rescue,"shared_pfam=PF00514,PF01749,PF16186"
Npl3,Paramecium_primaurelia,divergent_homolog,CAD8094124.1,9.35e-06,30.6,,False,domain_rescue,shared_pfam=PF00076
Gbp2,Paramecium_primaurelia,divergent_homolog,CAD8072469.1,2.05e-14,27.9,,False,domain_rescue,shared_pfam=PF00076
Hrb1,Paramecium_primaurelia,divergent_homolog,CAD8072469.1,5.52e-13,25.3,,False,domain_rescue,shared_pfam=PF00076
Cwc25,Paramecium_primaurelia,divergent_homolog,CAD8095039.1,1.02e+00,33.0,,False,domain_rescue,"shared_pfam=PF10197,PF12542"
DBR1,Paramecium_primaurelia,divergent_homolog,CAD8103570.1,2.78e-59,34.8,,False,domain_rescue,"shared_pfam=PF00149,PF05011"
Mud1,Paramecium_sonneborni,divergent_homolog,CAD8099585.1,1.75e-02,43.1,,False,domain_rescue,shared_pfam=PF00076
Yhc1,Paramecium_sonneborni,divergent_homolog,CAD8081193.1,3.70e-08,47.8,,False,domain_rescue,shared_pfam=PF06220
Nam8,Paramecium_sonneborni,divergent_homolog,CAD8066319.1,2.90e-09,27.8,,False,domain_rescue,shared_pfam=PF00076
Luc7,Paramecium_sonneborni,divergent_homolog,CAD8125595.1,1.82e-09,22.3,,False,domain_rescue,shared_pfam=PF03194
SmD1,Paramecium_sonneborni,divergent_homolog,CAD8093880.1,3.84e-19,39.8,,False,domain_rescue,shared_pfam=PF01423
SmF,Paramecium_sonneborni,divergent_homolog,CAD8069926.1,9.63e-21,45.0,,False,domain_rescue,shared_pfam=PF01423
SmG,Paramecium_sonneborni,divergent_homolog,CAD8079913.1,3.41e-10,33.7,,False,domain_rescue,shared_pfam=PF01423
Msl1,Paramecium_sonneborni,divergent_homolog,CAD8101266.1,2.28e-14,45.6,,False,domain_rescue,shared_pfam=PF13893
Lea1,Paramecium_sonneborni,divergent_homolog,CAD8071793.1,1.19e-12,30.0,,False,domain_rescue,shared_pfam=PF14580
Rse1,Paramecium_sonneborni,divergent_homolog,CAD8068550.1,1.66e-52,21.7,,False,domain_rescue,"shared_pfam=PF03178,PF10433,PF23726"
Cus1,Paramecium_sonneborni,divergent_homolog,CAD8123770.1,1.63e-34,33.8,,False,domain_rescue,"shared_pfam=PF04037,PF04046"
Prp9,Paramecium_sonneborni,divergent_homolog,CAD8113570.1,8.06e-37,27.7,,False,domain_rescue,"shared_pfam=PF11931,PF12171,PF16837"
Prp11,Paramecium_sonneborni,divergent_homolog,CAD8126922.1,3.79e-13,25.9,,False,domain_rescue,"shared_pfam=PF12874,PF16835"
pRP21,Paramecium_sonneborni,divergent_homolog,CAD8066339.1,1.53e-11,24.1,,False,domain_rescue,"shared_pfam=PF01805,PF12230"
LSm8,Paramecium_sonneborni,divergent_homolog,CAD8070264.1,1.70e-02,31.0,,False,domain_rescue,shared_pfam=PF01423
LSm2,Paramecium_sonneborni,divergent_homolog,CAD8128795.1,5.74e-13,36.7,,False,domain_rescue,shared_pfam=PF01423
LSm3,Paramecium_sonneborni,divergent_homolog,CAD8077799.1,8.06e-14,37.7,,False,domain_rescue,shared_pfam=PF01423
LSm4,Paramecium_sonneborni,divergent_homolog,CAD8093880.1,8.85e-04,31.6,,False,domain_rescue,shared_pfam=PF01423
LSm7,Paramecium_sonneborni,divergent_homolog,CAD8079913.1,1.19e-04,29.5,,False,domain_rescue,shared_pfam=PF01423
Prp3,Paramecium_sonneborni,divergent_homolog,CAD8046289.1,1.09e-19,25.5,,False,domain_rescue,"shared_pfam=PF06544,PF08572"
Prp4,Paramecium_sonneborni,divergent_homolog,CAD8127642.1,3.18e-11,24.1,,False,domain_rescue,shared_pfam=PF00400
Bud13,Paramecium_sonneborni,divergent_homolog,CAD8048197.1,2.42e-07,49.2,,False,domain_rescue,shared_pfam=PF09736
Pml1,Paramecium_sonneborni,divergent_homolog,CAD8115519.1,2.83e-12,30.9,,False,domain_rescue,shared_pfam=PF00498
Prp38,Paramecium_sonneborni,divergent_homolog,CAD8047279.1,9.64e-03,25.0,,False,domain_rescue,shared_pfam=PF03371
Clf1,Paramecium_sonneborni,divergent_homolog,CAD8054436.1,1.38e-48,32.0,,False,domain_rescue,"shared_pfam=PF23233,PF23240"
Syf1,Paramecium_sonneborni,divergent_homolog,CAD8080717.1,1.27e-40,23.6,,False,domain_rescue,"shared_pfam=PF23220,PF23231,PF23233"
Isy1,Paramecium_sonneborni,divergent_homolog,CAD8099730.1,3.74e-06,28.7,,False,domain_rescue,shared_pfam=PF06246
Cwc2,Paramecium_sonneborni,divergent_homolog,CAD8057427.1,2.50e-32,33.9,,False,domain_rescue,"shared_pfam=PF00076,PF16131"
Ecm2,Paramecium_sonneborni,divergent_homolog,CAD8046303.1,8.36e-11,36.6,,False,domain_rescue,shared_pfam=PF21369
Prp45,Paramecium_sonneborni,divergent_homolog,CAD8072944.1,1.31e-14,27.0,,False,domain_rescue,shared_pfam=PF02731
Cwc21,Paramecium_sonneborni,divergent_homolog,CAD8082461.1,2.38e-01,60.9,,False,domain_rescue,shared_pfam=PF08312
Cwc23,Paramecium_sonneborni,divergent_homolog,CAD8100408.1,3.28e-08,39.2,,False,domain_rescue,shared_pfam=PF00226
Cwc24,Paramecium_sonneborni,divergent_homolog,CAD8123070.1,1.16e-26,32.9,,False,domain_rescue,"shared_pfam=PF00642,PF13923"
Cwc27,Paramecium_sonneborni,divergent_homolog,CAD8118178.1,1.24e-10,24.9,,False,domain_rescue,shared_pfam=PF00160
Yju2,Paramecium_sonneborni,divergent_homolog,CAD8085241.1,3.36e-18,36.1,,False,domain_rescue,shared_pfam=PF04502
Prp17,Paramecium_sonneborni,divergent_homolog,CAD8083144.1,1.07e-76,38.9,,False,domain_rescue,shared_pfam=PF00400
Prp18,Paramecium_sonneborni,divergent_homolog,CAD8070906.1,2.14e-11,48.1,,False,domain_rescue,shared_pfam=PF02840
Slu7,Paramecium_sonneborni,divergent_homolog,CAD8048655.1,4.11e-13,24.2,,False,domain_rescue,"shared_pfam=PF11708,PF30379"
Prp6,Paramecium_sonneborni,divergent_homolog,CAD8047295.1,5.81e-26,29.9,,False,domain_rescue,"shared_pfam=PF06424,PF29376"
Snu66,Paramecium_sonneborni,divergent_homolog,CAD8077311.1,1.62e-01,45.1,,False,domain_rescue,shared_pfam=PF03343
Snu23,Paramecium_sonneborni,divergent_homolog,CAD8096812.1,2.79e-02,27.7,,False,domain_rescue,shared_pfam=PF12874
Prp40,Paramecium_sonneborni,divergent_homolog,CAD8126674.1,2.15e-12,25.8,,False,domain_rescue,"shared_pfam=PF00397,PF01846"
Mud2,Paramecium_sonneborni,divergent_homolog,CAD8093664.1,3.02e-04,31.2,,False,domain_rescue,shared_pfam=PF29326
Cus2,Paramecium_sonneborni,divergent_homolog,CAD8087544.1,7.41e-09,44.4,,False,domain_rescue,shared_pfam=PF00076
Srp1,Paramecium_sonneborni,divergent_homolog,CAD8048029.1,9.59e-15,39.0,,False,domain_rescue,"shared_pfam=PF00514,PF16186"
Npl3,Paramecium_sonneborni,divergent_homolog,CAD8121092.1,1.16e-05,30.6,,False,domain_rescue,shared_pfam=PF00076
Gbp2,Paramecium_sonneborni,divergent_homolog,CAD8093946.1,2.05e-15,26.5,,False,domain_rescue,shared_pfam=PF00076
Hrb1,Paramecium_sonneborni,divergent_homolog,CAD8123603.1,3.89e-13,24.7,,False,domain_rescue,shared_pfam=PF00076
Cwc25,Paramecium_sonneborni,divergent_homolog,CAD8116362.1,1.26e+00,33.0,,False,domain_rescue,"shared_pfam=PF10197,PF12542"
DBR1,Paramecium_sonneborni,divergent_homolog,CAD8066045.1,4.07e-61,34.6,,False,domain_rescue,"shared_pfam=PF00149,PF05011"
Mud1,Paramecium_tetraurelia,divergent_homolog,CAK87459.1,2.52e-03,35.1,,False,domain_rescue,shared_pfam=PF00076
Yhc1,Paramecium_tetraurelia,divergent_homolog,CAK73137.1,3.06e-08,47.8,,False,domain_rescue,shared_pfam=PF06220
Nam8,Paramecium_tetraurelia,divergent_homolog,CAK64111.1,2.40e-09,27.8,,False,domain_rescue,shared_pfam=PF00076
Luc7,Paramecium_tetraurelia,divergent_homolog,CAK58716.1,3.66e-09,21.8,,False,domain_rescue,shared_pfam=PF03194
SmD1,Paramecium_tetraurelia,divergent_homolog,CAK86600.1,3.17e-19,39.8,,False,domain_rescue,shared_pfam=PF01423
SmF,Paramecium_tetraurelia,divergent_homolog,CAK77124.1,7.96e-21,45.0,,False,domain_rescue,shared_pfam=PF01423
SmG,Paramecium_tetraurelia,divergent_homolog,CAK76706.1,2.82e-10,33.7,,False,domain_rescue,shared_pfam=PF01423
Msl1,Paramecium_tetraurelia,divergent_homolog,CAK89833.1,3.22e-15,46.8,,False,domain_rescue,shared_pfam=PF13893
Lea1,Paramecium_tetraurelia,divergent_homolog,CAK62331.1,2.74e-13,30.6,,False,domain_rescue,shared_pfam=PF14580
Rse1,Paramecium_tetraurelia,divergent_homolog,CAK93174.1,1.13e-53,22.0,,False,domain_rescue,"shared_pfam=PF03178,PF10433,PF23726"
Cus1,Paramecium_tetraurelia,divergent_homolog,CAK65140.1,4.49e-34,33.8,,False,domain_rescue,"shared_pfam=PF04037,PF04046"
Prp9,Paramecium_tetraurelia,divergent_homolog,CAK83922.1,1.10e-36,27.5,,False,domain_rescue,"shared_pfam=PF11931,PF12171,PF16837"
Prp11,Paramecium_tetraurelia,divergent_homolog,CAK63512.1,1.66e-13,25.5,,False,domain_rescue,"shared_pfam=PF12874,PF16835"
pRP21,Paramecium_tetraurelia,divergent_homolog,CAK64103.1,4.11e-11,23.2,,False,domain_rescue,"shared_pfam=PF01805,PF12230"
LSm8,Paramecium_tetraurelia,divergent_homolog,CAK77294.1,2.48e-02,31.0,,False,domain_rescue,shared_pfam=PF01423
LSm2,Paramecium_tetraurelia,divergent_homolog,CAK75373.1,2.95e-14,35.8,,False,domain_rescue,shared_pfam=PF01423
LSm3,Paramecium_tetraurelia,divergent_homolog,CAK82344.1,9.43e-14,37.7,,False,domain_rescue,shared_pfam=PF01423
LSm4,Paramecium_tetraurelia,divergent_homolog,CAK73754.1,6.95e-05,32.2,,False,domain_rescue,shared_pfam=PF01423
LSm6,Paramecium_tetraurelia,divergent_homolog,CAK73046.1,1.88e-10,40.0,,False,domain_rescue,shared_pfam=PF01423
LSm7,Paramecium_tetraurelia,divergent_homolog,CAK77743.1,9.45e-05,30.0,,False,domain_rescue,shared_pfam=PF01423
Prp3,Paramecium_tetraurelia,divergent_homolog,CAK93342.1,5.02e-20,25.8,,False,domain_rescue,"shared_pfam=PF06544,PF08572"
Prp4,Paramecium_tetraurelia,divergent_homolog,CAK69412.1,8.13e-11,24.5,,False,domain_rescue,shared_pfam=PF00400
Bud13,Paramecium_tetraurelia,divergent_homolog,CAK56012.1,2.11e-07,48.5,,False,domain_rescue,shared_pfam=PF09736
Pml1,Paramecium_tetraurelia,divergent_homolog,CAK67016.1,6.01e-14,31.1,,False,domain_rescue,shared_pfam=PF00498
Prp38,Paramecium_tetraurelia,divergent_homolog,CAK83319.1,2.64e-02,29.9,,False,domain_rescue,shared_pfam=PF03371
Clf1,Paramecium_tetraurelia,divergent_homolog,CAK72789.1,8.37e-49,32.1,,False,domain_rescue,"shared_pfam=PF23233,PF23240"
Syf1,Paramecium_tetraurelia,divergent_homolog,CAK72894.1,2.50e-41,23.9,,False,domain_rescue,"shared_pfam=PF23220,PF23231,PF23233"
Isy1,Paramecium_tetraurelia,divergent_homolog,CAK86692.1,4.16e-06,28.0,,False,domain_rescue,shared_pfam=PF06246
Cwc2,Paramecium_tetraurelia,divergent_homolog,CAK84969.1,3.02e-32,33.9,,False,domain_rescue,"shared_pfam=PF00076,PF16131"
Ecm2,Paramecium_tetraurelia,divergent_homolog,CAK60636.1,2.88e-11,39.0,,False,domain_rescue,shared_pfam=PF21369
Prp45,Paramecium_tetraurelia,divergent_homolog,CAK69677.1,5.72e-16,25.4,,False,domain_rescue,shared_pfam=PF02731
Cwc21,Paramecium_tetraurelia,divergent_homolog,CAK83530.1,1.97e-01,60.9,,False,domain_rescue,shared_pfam=PF08312
Cwc23,Paramecium_tetraurelia,divergent_homolog,CAK88686.1,2.60e-07,32.7,,False,domain_rescue,shared_pfam=PF00226
Cwc24,Paramecium_tetraurelia,divergent_homolog,CAK64825.1,5.15e-25,32.9,,False,domain_rescue,"shared_pfam=PF00642,PF13923"
Cwc27,Paramecium_tetraurelia,divergent_homolog,CAK57842.1,1.84e-10,26.0,,False,domain_rescue,shared_pfam=PF00160
Yju2,Paramecium_tetraurelia,divergent_homolog,CAK63644.1,2.85e-18,36.1,,False,domain_rescue,shared_pfam=PF04502
Prp17,Paramecium_tetraurelia,divergent_homolog,CAK69176.1,3.20e-77,38.9,,False,domain_rescue,shared_pfam=PF00400
Prp18,Paramecium_tetraurelia,divergent_homolog,CAK79177.1,1.77e-11,48.1,,False,domain_rescue,shared_pfam=PF02840
Slu7,Paramecium_tetraurelia,divergent_homolog,CAK55783.1,2.49e-14,25.3,,False,domain_rescue,"shared_pfam=PF11708,PF30379"
Prp6,Paramecium_tetraurelia,divergent_homolog,CAK78837.1,3.65e-26,29.9,,False,domain_rescue,"shared_pfam=PF06424,PF29376"
Snu66,Paramecium_tetraurelia,divergent_homolog,CAK78221.1,2.79e+00,45.9,,False,domain_rescue,shared_pfam=PF03343
Snu23,Paramecium_tetraurelia,divergent_homolog,CAK70626.1,5.53e-02,27.7,,False,domain_rescue,shared_pfam=PF12874
Ntr1,Paramecium_tetraurelia,divergent_homolog,CAK57784.1,2.51e-01,21.0,,False,domain_rescue,shared_pfam=PF01585
Prp40,Paramecium_tetraurelia,divergent_homolog,CAK92043.1,5.74e-13,26.2,,False,domain_rescue,"shared_pfam=PF00397,PF01846"
Mud2,Paramecium_tetraurelia,divergent_homolog,CAK87377.1,3.29e-04,30.4,,False,domain_rescue,shared_pfam=PF29326
Cus2,Paramecium_tetraurelia,divergent_homolog,CAK72965.1,1.87e-09,27.4,,False,domain_rescue,shared_pfam=PF00076
Srp1,Paramecium_tetraurelia,divergent_homolog,CAK56090.1,1.05e-14,39.0,,False,domain_rescue,"shared_pfam=PF00514,PF16186"
Npl3,Paramecium_tetraurelia,divergent_homolog,CAK68640.1,1.29e-05,30.6,,False,domain_rescue,shared_pfam=PF00076
Gbp2,Paramecium_tetraurelia,divergent_homolog,CAK68168.1,2.10e-15,27.9,,False,domain_rescue,shared_pfam=PF00076
Hrb1,Paramecium_tetraurelia,divergent_homolog,CAK64725.1,1.22e-12,24.1,,False,domain_rescue,shared_pfam=PF00076
Cwc25,Paramecium_tetraurelia,divergent_homolog,CAK59474.1,1.04e+00,33.0,,False,domain_rescue,"shared_pfam=PF10197,PF12542"
DBR1,Paramecium_tetraurelia,divergent_homolog,CAK64279.1,7.58e-59,34.8,,False,domain_rescue,"shared_pfam=PF00149,PF05011"
Snp1,Blepharisma_stoltei,divergent_homolog,BSTOLATCC_MAC3395,1.45e-25,35.1,,False,domain_rescue,"shared_pfam=PF00076,PF12220"
Yhc1,Blepharisma_stoltei,divergent_homolog,BSTOLATCC_MAC16395,3.55e-06,44.7,,False,domain_rescue,shared_pfam=PF06220
Prp39,Blepharisma_stoltei,divergent_homolog,BSTOLATCC_MAC18844,5.22e-22,24.4,,False,domain_rescue,"shared_pfam=PF23240,PF23241"
Luc7,Blepharisma_stoltei,divergent_homolog,BSTOLATCC_MAC11879,3.57e-18,27.5,,False,domain_rescue,shared_pfam=PF03194
SmD1,Blepharisma_stoltei,divergent_homolog,BSTOLATCC_MAC24527,1.22e-15,43.1,,False,domain_rescue,shared_pfam=PF01423
SmF,Blepharisma_stoltei,divergent_homolog,BSTOLATCC_MAC3337,2.39e-23,54.8,,False,domain_rescue,shared_pfam=PF01423
SmG,Blepharisma_stoltei,divergent_homolog,BSTOLATCC_MAC7720,8.03e-15,42.5,,False,domain_rescue,shared_pfam=PF01423
Msl1,Blepharisma_stoltei,divergent_homolog,BSTOLATCC_MAC18246,3.87e-12,42.3,,False,domain_rescue,shared_pfam=PF13893
Lea1,Blepharisma_stoltei,divergent_homolog,BSTOLATCC_MAC16724,1.54e-16,31.8,,False,domain_rescue,shared_pfam=PF14580
Cus1,Blepharisma_stoltei,divergent_homolog,BSTOLATCC_MAC7897,2.80e-20,35.4,,False,domain_rescue,"shared_pfam=PF04037,PF04046"
Hsh49,Blepharisma_stoltei,divergent_homolog,BSTOLATCC_MAC12829,1.39e-22,33.7,,False,domain_rescue,shared_pfam=PF00076
Ysf3,Blepharisma_stoltei,divergent_homolog,BSTOLATCC_MAC24638,2.04e-04,30.0,,False,domain_rescue,shared_pfam=PF07189
Prp11,Blepharisma_stoltei,divergent_homolog,BSTOLATCC_MAC2973,3.02e-18,26.2,,False,domain_rescue,"shared_pfam=PF12874,PF16835"
pRP21,Blepharisma_stoltei,divergent_homolog,BSTOLATCC_MAC9874,7.34e-10,21.5,,False,domain_rescue,"shared_pfam=PF01805,PF12230"
LSm8,Blepharisma_stoltei,divergent_homolog,BSTOLATCC_MAC23545,8.37e-05,28.4,,False,domain_rescue,shared_pfam=PF01423
LSm2,Blepharisma_stoltei,divergent_homolog,BSTOLATCC_MAC16678,5.10e-13,34.8,,False,domain_rescue,shared_pfam=PF01423
LSm3,Blepharisma_stoltei,divergent_homolog,BSTOLATCC_MAC6162,1.75e-08,37.0,,False,domain_rescue,shared_pfam=PF01423
LSm4,Blepharisma_stoltei,divergent_homolog,BSTOLATCC_MAC4680,1.63e-08,34.1,,False,domain_rescue,shared_pfam=PF01423
LSm6,Blepharisma_stoltei,divergent_homolog,BSTOLATCC_MAC17403,6.61e-04,48.8,,False,domain_rescue,shared_pfam=PF01423
Prp31,Blepharisma_stoltei,divergent_homolog,BSTOLATCC_MAC24192,3.81e-30,27.1,,False,domain_rescue,"shared_pfam=PF01798,PF09785"
Prp3,Blepharisma_stoltei,divergent_homolog,BSTOLATCC_MAC7872,2.59e-18,26.7,,False,domain_rescue,"shared_pfam=PF06544,PF08572"
Prp4,Blepharisma_stoltei,divergent_homolog,BSTOLATCC_MAC9870,3.78e-10,30.0,,False,domain_rescue,shared_pfam=PF00400
Bud13,Blepharisma_stoltei,divergent_homolog,BSTOLATCC_MAC19303,1.69e-10,28.7,,False,domain_rescue,shared_pfam=PF09736
Pml1,Blepharisma_stoltei,divergent_homolog,BSTOLATCC_MAC12598,7.66e-24,35.0,,False,domain_rescue,shared_pfam=PF00498
Clf1,Blepharisma_stoltei,divergent_homolog,BSTOLATCC_MAC4307,2.60e-49,38.6,,False,domain_rescue,"shared_pfam=PF23233,PF23240"
Syf1,Blepharisma_stoltei,divergent_homolog,BSTOLATCC_MAC5201,4.00e-40,23.8,,False,domain_rescue,"shared_pfam=PF23220,PF23231,PF23233"
Prp19,Blepharisma_stoltei,divergent_homolog,BSTOLATCC_MAC21364,8.16e-20,37.1,,False,domain_rescue,shared_pfam=PF08606
Isy1,Blepharisma_stoltei,divergent_homolog,BSTOLATCC_MAC20823,1.93e-06,30.3,,False,domain_rescue,shared_pfam=PF06246
Cwc2,Blepharisma_stoltei,divergent_homolog,BSTOLATCC_MAC16802,6.34e-27,30.8,,False,domain_rescue,shared_pfam=PF16131
Cwc15,Blepharisma_stoltei,divergent_homolog,BSTOLATCC_MAC18366,1.48e-01,42.2,,False,domain_rescue,shared_pfam=PF04889
Ecm2,Blepharisma_stoltei,divergent_homolog,BSTOLATCC_MAC6229,7.37e-13,33.3,,False,domain_rescue,shared_pfam=PF21369
Prp45,Blepharisma_stoltei,divergent_homolog,BSTOLATCC_MAC25111,1.07e-12,24.4,,False,domain_rescue,shared_pfam=PF02731
Cwc21,Blepharisma_stoltei,divergent_homolog,BSTOLATCC_MAC2287,3.00e-02,60.9,,False,domain_rescue,shared_pfam=PF08312
Cwc22,Blepharisma_stoltei,divergent_homolog,BSTOLATCC_MAC23652,6.09e-54,28.5,,False,domain_rescue,shared_pfam=PF02847
Cwc23,Blepharisma_stoltei,divergent_homolog,BSTOLATCC_MAC2805,1.25e-06,42.3,,False,domain_rescue,shared_pfam=PF00226
Cwc24,Blepharisma_stoltei,divergent_homolog,BSTOLATCC_MAC13478,2.81e-34,42.0,,False,domain_rescue,"shared_pfam=PF00642,PF13923"
Cwc27,Blepharisma_stoltei,divergent_homolog,BSTOLATCC_MAC24863,5.86e-12,27.7,,False,domain_rescue,shared_pfam=PF00160
Yju2,Blepharisma_stoltei,divergent_homolog,BSTOLATCC_MAC17313,4.39e-20,39.7,,False,domain_rescue,shared_pfam=PF04502
Prp17,Blepharisma_stoltei,divergent_homolog,BSTOLATCC_MAC17329,6.16e-11,25.9,,False,domain_rescue,shared_pfam=PF00400
Slu7,Blepharisma_stoltei,divergent_homolog,BSTOLATCC_MAC16787,1.85e-11,25.1,,False,domain_rescue,"shared_pfam=PF11708,PF30379"
Prp6,Blepharisma_stoltei,divergent_homolog,BSTOLATCC_MAC23845,2.26e-26,21.3,,False,domain_rescue,"shared_pfam=PF06424,PF29376"
Snu23,Blepharisma_stoltei,divergent_homolog,BSTOLATCC_MAC11182,2.07e-03,34.6,,False,domain_rescue,shared_pfam=PF12874
Ntr1,Blepharisma_stoltei,divergent_homolog,BSTOLATCC_MAC812,4.05e-02,41.5,,False,domain_rescue,shared_pfam=PF01585
Prp40,Blepharisma_stoltei,divergent_homolog,BSTOLATCC_MAC13875,8.21e-15,25.6,,False,domain_rescue,"shared_pfam=PF00397,PF01846"
Mud2,Blepharisma_stoltei,divergent_homolog,BSTOLATCC_MAC12425,5.58e-03,29.2,,False,domain_rescue,shared_pfam=PF29326
Msl5,Blepharisma_stoltei,divergent_homolog,BSTOLATCC_MAC7348,2.27e-12,43.4,,False,domain_rescue,shared_pfam=PF16275
Cus2,Blepharisma_stoltei,divergent_homolog,BSTOLATCC_MAC1198,2.78e-19,33.3,,False,domain_rescue,shared_pfam=PF00076
Npl3,Blepharisma_stoltei,divergent_homolog,BSTOLATCC_MAC9920,2.98e-09,26.0,,False,domain_rescue,shared_pfam=PF00076
Gbp2,Blepharisma_stoltei,divergent_homolog,BSTOLATCC_MAC9920,5.18e-23,30.0,,False,domain_rescue,shared_pfam=PF00076
DBR1,Blepharisma_stoltei,divergent_homolog,BSTOLATCC_MAC5800,4.09e-64,34.9,,False,domain_rescue,"shared_pfam=PF00149,PF05011"
Mud1,Stentor_coeruleus,divergent_homolog,OMJ91921.1,7.92e-02,36.5,,False,domain_rescue,shared_pfam=PF00076
Yhc1,Stentor_coeruleus,divergent_homolog,OMJ82811.1,5.95e-06,44.7,,False,domain_rescue,shared_pfam=PF06220
Prp39,Stentor_coeruleus,divergent_homolog,OMJ71629.1,1.94e-23,24.1,,False,domain_rescue,"shared_pfam=PF23240,PF23241"
Prp42,Stentor_coeruleus,divergent_homolog,OMJ71629.1,8.52e-04,21.5,,False,domain_rescue,"shared_pfam=PF23240,PF23241"
Nam8,Stentor_coeruleus,divergent_homolog,OMJ96224.1,4.57e-11,30.2,,False,domain_rescue,shared_pfam=PF00076
SmD1,Stentor_coeruleus,divergent_homolog,OMJ74037.1,5.86e-18,46.8,,False,domain_rescue,shared_pfam=PF01423
SmF,Stentor_coeruleus,divergent_homolog,OMJ90477.1,2.65e-20,50.7,,False,domain_rescue,shared_pfam=PF01423
Msl1,Stentor_coeruleus,divergent_homolog,OMJ69199.1,2.27e-16,42.4,,False,domain_rescue,shared_pfam=PF13893
Lea1,Stentor_coeruleus,divergent_homolog,OMJ78241.1,1.63e-13,34.8,,False,domain_rescue,shared_pfam=PF14580
Rse1,Stentor_coeruleus,divergent_homolog,OMJ94841.1,2.59e-70,23.7,,False,domain_rescue,"shared_pfam=PF03178,PF10433,PF23726"
Cus1,Stentor_coeruleus,divergent_homolog,OMJ66678.1,2.22e-43,38.3,,False,domain_rescue,"shared_pfam=PF04037,PF04046"
Hsh49,Stentor_coeruleus,divergent_homolog,OMJ96224.1,7.93e-37,37.1,,False,domain_rescue,shared_pfam=PF00076
Ysf3,Stentor_coeruleus,divergent_homolog,OMJ86748.1,1.86e-03,31.0,,False,domain_rescue,shared_pfam=PF07189
Prp11,Stentor_coeruleus,divergent_homolog,OMJ89506.1,3.65e-19,27.5,,False,domain_rescue,"shared_pfam=PF12874,PF16835"
LSm8,Stentor_coeruleus,divergent_homolog,OMJ73124.1,1.64e-09,34.3,,False,domain_rescue,shared_pfam=PF01423
LSm2,Stentor_coeruleus,divergent_homolog,OMJ93551.1,7.58e-08,34.5,,False,domain_rescue,shared_pfam=PF01423
LSm3,Stentor_coeruleus,divergent_homolog,OMJ68113.1,5.84e-06,35.9,,False,domain_rescue,shared_pfam=PF01423
LSm4,Stentor_coeruleus,divergent_homolog,OMJ84394.1,4.97e-07,30.0,,False,domain_rescue,shared_pfam=PF01423
LSm6,Stentor_coeruleus,divergent_homolog,OMJ90477.1,2.70e-07,36.6,,False,domain_rescue,shared_pfam=PF01423
LSm7,Stentor_coeruleus,divergent_homolog,OMJ69462.1,1.36e-11,33.3,,False,domain_rescue,shared_pfam=PF01423
Prp31,Stentor_coeruleus,divergent_homolog,OMJ65893.1,7.97e-29,28.3,,False,domain_rescue,"shared_pfam=PF01798,PF09785"
Prp3,Stentor_coeruleus,divergent_homolog,OMJ88877.1,2.22e-21,29.6,,False,domain_rescue,"shared_pfam=PF06544,PF08572"
Prp4,Stentor_coeruleus,divergent_homolog,OMJ68512.1,7.25e-10,24.9,,False,domain_rescue,shared_pfam=PF00400
Snu17,Stentor_coeruleus,divergent_homolog,OMJ73591.1,1.48e-32,56.3,,False,domain_rescue,shared_pfam=PF00076
Bud13,Stentor_coeruleus,divergent_homolog,OMJ87046.1,2.39e-08,31.0,,False,domain_rescue,shared_pfam=PF09736
Pml1,Stentor_coeruleus,divergent_homolog,OMJ70606.1,7.10e+00,29.0,,False,domain_rescue,shared_pfam=PF00498
Clf1,Stentor_coeruleus,divergent_homolog,OMJ94375.1,1.21e-35,27.4,,False,domain_rescue,"shared_pfam=PF23233,PF23240"
Prp19,Stentor_coeruleus,divergent_homolog,OMJ70787.1,2.20e-14,34.1,,False,domain_rescue,shared_pfam=PF08606
Cwc2,Stentor_coeruleus,divergent_homolog,OMJ87914.1,2.55e-02,30.4,,False,domain_rescue,shared_pfam=PF16131
Prp45,Stentor_coeruleus,divergent_homolog,OMJ67115.1,5.84e-20,27.5,,False,domain_rescue,shared_pfam=PF02731
Cwc21,Stentor_coeruleus,divergent_homolog,OMJ69414.1,7.30e-07,41.7,,False,domain_rescue,shared_pfam=PF08312
Cwc22,Stentor_coeruleus,divergent_homolog,OMJ82911.1,4.89e-59,30.1,,False,domain_rescue,shared_pfam=PF02847
Cwc23,Stentor_coeruleus,divergent_homolog,OMJ78801.1,1.38e-06,34.9,,False,domain_rescue,shared_pfam=PF00226
Cwc24,Stentor_coeruleus,divergent_homolog,OMJ95226.1,5.38e-20,31.8,,False,domain_rescue,"shared_pfam=PF00642,PF13923"
Cwc27,Stentor_coeruleus,divergent_homolog,OMJ68249.1,7.03e-12,27.5,,False,domain_rescue,shared_pfam=PF00160
Spp2,Stentor_coeruleus,divergent_homolog,OMJ70620.1,7.19e-01,45.5,,False,domain_rescue,shared_pfam=PF12656
Yju2,Stentor_coeruleus,divergent_homolog,OMJ95747.1,2.35e-20,37.4,,False,domain_rescue,shared_pfam=PF04502
Prp17,Stentor_coeruleus,divergent_homolog,OMJ92236.1,1.17e-54,32.0,,False,domain_rescue,shared_pfam=PF00400
Prp6,Stentor_coeruleus,divergent_homolog,OMJ67246.1,1.59e-09,23.5,,False,domain_rescue,shared_pfam=PF29376
Ntr1,Stentor_coeruleus,divergent_homolog,OMJ95536.1,2.41e-02,45.8,,False,domain_rescue,shared_pfam=PF01585
Prp40,Stentor_coeruleus,divergent_homolog,OMJ75909.1,1.78e-14,28.2,,False,domain_rescue,"shared_pfam=PF00397,PF01846"
Mud2,Stentor_coeruleus,divergent_homolog,OMJ92895.1,8.07e-06,34.0,,False,domain_rescue,shared_pfam=PF29326
Msl5,Stentor_coeruleus,divergent_homolog,OMJ93203.1,6.79e-35,35.8,,False,domain_rescue,"shared_pfam=PF16275,PF22675"
Cus2,Stentor_coeruleus,divergent_homolog,OMJ69199.1,2.67e-03,30.0,,False,domain_rescue,shared_pfam=PF00076
Npl3,Stentor_coeruleus,divergent_homolog,OMJ70988.1,2.18e-09,29.8,,False,domain_rescue,shared_pfam=PF00076
Gbp2,Stentor_coeruleus,divergent_homolog,OMJ70988.1,3.76e-20,29.2,,False,domain_rescue,shared_pfam=PF00076
Hrb1,Stentor_coeruleus,divergent_homolog,OMJ70988.1,3.99e-19,29.3,,False,domain_rescue,shared_pfam=PF00076
DBR1,Stentor_coeruleus,divergent_homolog,OMJ91273.1,4.03e+00,26.2,,False,domain_rescue,shared_pfam=PF00149
